"../../../Engine/Plugins/2D/Paper2D/Content/PlaceholderTextures/DummySpriteTexture.uasset" 0
"../../../Engine/Plugins/2D/Paper2D/Content/PlaceholderTextures/DummySpriteTexture.ubulk" 1
"../../../Engine/Plugins/2D/Paper2D/Content/PlaceholderTextures/DummySpriteTexture.uexp" 2
"../../../Engine/Plugins/2D/Paper2D/Content/DummySprite.uasset" 3
"../../../Engine/Plugins/2D/Paper2D/Content/DummySprite.uexp" 4
"../../../Engine/Plugins/2D/Paper2D/Content/DefaultPaperTerrainMaterial.uasset" 5
"../../../Engine/Plugins/2D/Paper2D/Content/DefaultPaperTerrainMaterial.uexp" 6
"../../../Engine/Plugins/Interchange/Runtime/Content/Pipelines/DefaultTexturePipeline.uasset" 7
"../../../Engine/Plugins/Interchange/Runtime/Content/Pipelines/DefaultTexturePipeline.uexp" 8
"../../../Engine/Plugins/Animation/ACLPlugin/Content/ACLAnimBoneCompressionSettings.uasset" 9
"../../../Engine/Plugins/Animation/ACLPlugin/Content/ACLAnimBoneCompressionSettings.uexp" 10
"../../../Engine/Plugins/Animation/ACLPlugin/Content/ACLAnimCurveCompressionSettings.uasset" 11
"../../../Engine/Plugins/Animation/ACLPlugin/Content/ACLAnimCurveCompressionSettings.uexp" 12
"../../../Engine/Plugins/NNE/NNEDenoiser/Content/NNEDIM_ColorAlbedoNormal_Alpha.uasset" 13
"../../../Engine/Plugins/NNE/NNEDenoiser/Content/NNEDIM_ColorAlbedoNormal_Alpha.uexp" 14
"../../../Engine/Plugins/NNE/NNEDenoiser/Content/NNEDIM_ColorAlbedoNormal_Default.uasset" 15
"../../../Engine/Plugins/NNE/NNEDenoiser/Content/NNEDIM_ColorAlbedoNormal_Default.uexp" 16
"../../../Engine/Plugins/NNE/NNEDenoiser/Content/NNEDIM_HighQuality_Alpha.uasset" 17
"../../../Engine/Plugins/NNE/NNEDenoiser/Content/NNEDIM_HighQuality_Alpha.uexp" 18
"../../../Engine/Plugins/NNE/NNEDenoiser/Content/NNEDIM_HighQuality_Default.uasset" 19
"../../../Engine/Plugins/NNE/NNEDenoiser/Content/NNEDIM_HighQuality_Default.uexp" 20
"../../../Engine/Plugins/NNE/NNEDenoiser/Content/NNEDOM_Output_Alpha.uasset" 21
"../../../Engine/Plugins/NNE/NNEDenoiser/Content/NNEDOM_Output_Alpha.uexp" 22
"../../../Engine/Plugins/NNE/NNEDenoiser/Content/NNEDOM_Output_Default.uasset" 23
"../../../Engine/Plugins/NNE/NNEDenoiser/Content/NNEDOM_Output_Default.uexp" 24
"../../../Engine/Plugins/NNE/NNEDenoiser/Content/NNEDTIM_ColorAlbedoNormal_Alpha.uasset" 25
"../../../Engine/Plugins/NNE/NNEDenoiser/Content/NNEDTIM_ColorAlbedoNormal_Alpha.uexp" 26
"../../../Engine/Plugins/NNE/NNEDenoiser/Content/NNEDTIM_ColorAlbedoNormal_Default.uasset" 27
"../../../Engine/Plugins/NNE/NNEDenoiser/Content/NNEDTIM_ColorAlbedoNormal_Default.uexp" 28
"../../../Engine/Plugins/NNE/NNEDenoiser/Content/NNEDTOM_Output_Alpha.uasset" 29
"../../../Engine/Plugins/NNE/NNEDenoiser/Content/NNEDTOM_Output_Alpha.uexp" 30
"../../../Engine/Plugins/NNE/NNEDenoiser/Content/NNEDTOM_Output_Default.uasset" 31
"../../../Engine/Plugins/NNE/NNEDenoiser/Content/NNEDTOM_Output_Default.uexp" 32
"../../../Engine/Plugins/Runtime/USDCore/Content/USDDefaultAttenuation.uasset" 33
"../../../Engine/Plugins/Runtime/USDCore/Content/USDDefaultAttenuation.uexp" 34
"E:/unreal engine/TheErasTourRelive/Content/UsdAssetCache.uasset" 35
"E:/unreal engine/TheErasTourRelive/Content/UsdAssetCache.uexp" 36
"../../../Engine/Content/EngineMaterials/T_Default_Material_Grid_M.uasset" 37
"../../../Engine/Content/EngineMaterials/T_Default_Material_Grid_M.ubulk" 38
"../../../Engine/Content/EngineMaterials/T_Default_Material_Grid_M.uexp" 39
"../../../Engine/Content/EngineMaterials/T_Default_Material_Grid_N.uasset" 40
"../../../Engine/Content/EngineMaterials/T_Default_Material_Grid_N.ubulk" 41
"../../../Engine/Content/EngineMaterials/T_Default_Material_Grid_N.uexp" 42
"../../../Engine/Content/Functions/Engine_MaterialFunctions01/Opacity/CameraDepthFade.uasset" 43
"../../../Engine/Content/Functions/Engine_MaterialFunctions01/Opacity/CameraDepthFade.uexp" 44
"../../../Engine/Content/EngineMaterials/WorldGridMaterial.uasset" 45
"../../../Engine/Content/EngineMaterials/WorldGridMaterial.uexp" 46
"../../../Engine/Content/BasicShapes/Plane.uasset" 47
"../../../Engine/Content/BasicShapes/Plane.ubulk" 48
"../../../Engine/Content/BasicShapes/Plane.uexp" 49
"E:/unreal engine/TheErasTourRelive/Content/fonts/Pistilli-Roman.uasset" 50
"E:/unreal engine/TheErasTourRelive/Content/fonts/Pistilli-Roman.ufont" 51
"E:/unreal engine/TheErasTourRelive/Content/fonts/Pistilli-Roman.uexp" 52
"E:/unreal engine/TheErasTourRelive/Content/fonts/Pistilli-Roman_Font.uasset" 53
"E:/unreal engine/TheErasTourRelive/Content/fonts/Pistilli-Roman_Font.uexp" 54
"E:/unreal engine/TheErasTourRelive/Content/fonts/Poppins-SemiBold.uasset" 55
"E:/unreal engine/TheErasTourRelive/Content/fonts/Poppins-SemiBold.ufont" 56
"E:/unreal engine/TheErasTourRelive/Content/fonts/Poppins-SemiBold.uexp" 57
"E:/unreal engine/TheErasTourRelive/Content/fonts/Poppins-SemiBold_Font.uasset" 58
"E:/unreal engine/TheErasTourRelive/Content/fonts/Poppins-SemiBold_Font.uexp" 59
"E:/unreal engine/TheErasTourRelive/Content/outfit_activity_media/Bottoms/midnights_pants.uasset" 60
"E:/unreal engine/TheErasTourRelive/Content/outfit_activity_media/Bottoms/midnights_pants.uexp" 61
"E:/unreal engine/TheErasTourRelive/Content/outfit_activity_media/Tops/a_lot_going_at_the_moment_tshirt.uasset" 62
"E:/unreal engine/TheErasTourRelive/Content/outfit_activity_media/Tops/a_lot_going_at_the_moment_tshirt.uexp" 63
"E:/unreal engine/TheErasTourRelive/Content/outfit_activity_media/Bottoms/folklore_bottom.uasset" 64
"E:/unreal engine/TheErasTourRelive/Content/outfit_activity_media/Bottoms/folklore_bottom.uexp" 65
"E:/unreal engine/TheErasTourRelive/Content/outfit_activity_media/Tops/ybwm_shirt.uasset" 66
"E:/unreal engine/TheErasTourRelive/Content/outfit_activity_media/Tops/ybwm_shirt.uexp" 67
"E:/unreal engine/TheErasTourRelive/Content/outfit_activity_media/Bottoms/22_pants.uasset" 68
"E:/unreal engine/TheErasTourRelive/Content/outfit_activity_media/Bottoms/22_pants.uexp" 69
"E:/unreal engine/TheErasTourRelive/Content/outfit_activity_media/Tops/bejeweled_shirt.uasset" 70
"E:/unreal engine/TheErasTourRelive/Content/outfit_activity_media/Tops/bejeweled_shirt.uexp" 71
"E:/unreal engine/TheErasTourRelive/Content/outfit_activity_media/Bottoms/ybwm_pants.uasset" 72
"E:/unreal engine/TheErasTourRelive/Content/outfit_activity_media/Bottoms/ybwm_pants.uexp" 73
"E:/unreal engine/TheErasTourRelive/Content/outfit_activity_media/Tops/cardigan.uasset" 74
"E:/unreal engine/TheErasTourRelive/Content/outfit_activity_media/Tops/cardigan.uexp" 75
"E:/unreal engine/TheErasTourRelive/Content/outfit_activity_media/extra/mirrorball.uasset" 76
"E:/unreal engine/TheErasTourRelive/Content/outfit_activity_media/extra/mirrorball.uexp" 77
"E:/unreal engine/TheErasTourRelive/Content/outfit_activity_media/extra/red_sunglasses.uasset" 78
"E:/unreal engine/TheErasTourRelive/Content/outfit_activity_media/extra/red_sunglasses.uexp" 79
"E:/unreal engine/TheErasTourRelive/Content/outfit_activity_media/extra/22_hat.uasset" 80
"E:/unreal engine/TheErasTourRelive/Content/outfit_activity_media/extra/22_hat.uexp" 81
"E:/unreal engine/TheErasTourRelive/Content/outfit_activity_media/extra/friendship_bracelets_and_13.uasset" 82
"E:/unreal engine/TheErasTourRelive/Content/outfit_activity_media/extra/friendship_bracelets_and_13.uexp" 83
"E:/unreal engine/TheErasTourRelive/Content/WidgetBP_OutfitCreator.uasset" 84
"E:/unreal engine/TheErasTourRelive/Content/WidgetBP_OutfitCreator.uexp" 85
"../../../Engine/Content/EngineResources/DefaultTexture.uasset" 86
"../../../Engine/Content/EngineResources/DefaultTexture.ubulk" 87
"../../../Engine/Content/EngineResources/DefaultTexture.uexp" 88
"../../../Engine/Content/EngineMaterials/DefaultNormal.uasset" 89
"../../../Engine/Content/EngineMaterials/DefaultNormal.ubulk" 90
"../../../Engine/Content/EngineMaterials/DefaultNormal.uexp" 91
"../../../Engine/Content/EngineMaterials/BaseFlattenLinearColor.uasset" 92
"../../../Engine/Content/EngineMaterials/BaseFlattenLinearColor.uexp" 93
"../../../Engine/Content/Functions/Engine_MaterialFunctions03/Procedurals/NormalFromHeightmap.uasset" 94
"../../../Engine/Content/Functions/Engine_MaterialFunctions03/Procedurals/NormalFromHeightmap.uexp" 95
"../../../Engine/Plugins/Interchange/Assets/Content/Functions/MF_PhongToMetalRoughness.uasset" 96
"../../../Engine/Plugins/Interchange/Assets/Content/Functions/MF_PhongToMetalRoughness.uexp" 97
"../../../Engine/Plugins/Interchange/Assets/Content/Materials/FBXLegacyPhongSurfaceMaterial.uasset" 98
"../../../Engine/Plugins/Interchange/Assets/Content/Materials/FBXLegacyPhongSurfaceMaterial.uexp" 99
"E:/unreal engine/TheErasTourRelive/Content/LoverHouse/Material_013.uasset" 100
"E:/unreal engine/TheErasTourRelive/Content/LoverHouse/Material_013.uexp" 101
"E:/unreal engine/TheErasTourRelive/Content/EvermoreRoomBlueprint.uasset" 102
"E:/unreal engine/TheErasTourRelive/Content/EvermoreRoomBlueprint.uexp" 103
"../../../Engine/Content/Animation/DefaultRecorderBoneCompression.uasset" 104
"../../../Engine/Content/Animation/DefaultRecorderBoneCompression.uexp" 105
"../../../Engine/Content/Animation/DefaultVariableFrameStrippingSettings.uasset" 106
"../../../Engine/Content/Animation/DefaultVariableFrameStrippingSettings.uexp" 107
"../../../Engine/Content/EngineResources/GradientTexture0.uasset" 108
"../../../Engine/Content/EngineResources/GradientTexture0.uexp" 109
"../../../Engine/Content/EngineSounds/Master.uasset" 110
"../../../Engine/Content/EngineSounds/Master.uexp" 111
"../../../Engine/Content/EditorResources/BSPVertex.uasset" 112
"../../../Engine/Content/EditorResources/BSPVertex.uexp" 113
"../../../Engine/Content/EditorResources/S_Actor.uasset" 114
"../../../Engine/Content/EditorResources/S_Actor.ubulk" 115
"../../../Engine/Content/EditorResources/S_Actor.uexp" 116
"../../../Engine/Content/EditorResources/S_BoxReflectionCapture.uasset" 117
"../../../Engine/Content/EditorResources/S_BoxReflectionCapture.uexp" 118
"../../../Engine/Plugins/Animation/ControlRig/Content/Controls/DefaultGizmoLibraryNormalized.uasset" 119
"../../../Engine/Plugins/Animation/ControlRig/Content/Controls/DefaultGizmoLibraryNormalized.uexp" 120
"../../../Engine/Content/EngineResources/Development/ZenLogo_64.uasset" 121
"../../../Engine/Content/EngineResources/Development/ZenLogo_64.uexp" 122
"../../../Engine/Content/EngineResources/FilmGrains/Marcie_Grain_v3_128_M2_000.uasset" 123
"../../../Engine/Content/EngineResources/FilmGrains/Marcie_Grain_v3_128_M2_000.uexp" 124
"../../../Engine/Content/EditorResources/S_Solver.uasset" 125
"../../../Engine/Content/EditorResources/S_Solver.ubulk" 126
"../../../Engine/Content/EditorResources/S_Solver.uexp" 127
"../../../Engine/Content/EditorResources/S_Terrain.uasset" 128
"../../../Engine/Content/EditorResources/S_Terrain.ubulk" 129
"../../../Engine/Content/EditorResources/S_Terrain.uexp" 130
"../../../Engine/Content/EditorResources/S_Trigger.uasset" 131
"../../../Engine/Content/EditorResources/S_Trigger.ubulk" 132
"../../../Engine/Content/EditorResources/S_Trigger.uexp" 133
"../../../Engine/Content/EditorResources/S_TriggerBox.uasset" 134
"../../../Engine/Content/EditorResources/S_TriggerBox.uexp" 135
"../../../Engine/Content/EditorResources/S_TriggerCapsule.uasset" 136
"../../../Engine/Content/EditorResources/S_TriggerCapsule.uexp" 137
"../../../Engine/Content/EditorResources/S_TriggerSphere.uasset" 138
"../../../Engine/Content/EditorResources/S_TriggerSphere.uexp" 139
"../../../Engine/Content/EngineFonts/Faces/DroidSansFallback.uasset" 140
"../../../Engine/Content/EngineFonts/Faces/DroidSansFallback.ufont" 141
"../../../Engine/Content/EngineFonts/Faces/DroidSansFallback.uexp" 142
"../../../Engine/Content/EngineFonts/Faces/RobotoBold.uasset" 143
"../../../Engine/Content/EngineFonts/Faces/RobotoBold.ufont" 144
"../../../Engine/Content/EngineFonts/Faces/RobotoBold.uexp" 145
"../../../Engine/Content/EngineFonts/Faces/RobotoBoldItalic.uasset" 146
"../../../Engine/Content/EngineFonts/Faces/RobotoBoldItalic.ufont" 147
"../../../Engine/Content/EngineFonts/Faces/RobotoBoldItalic.uexp" 148
"../../../Engine/Content/EngineFonts/Faces/RobotoItalic.uasset" 149
"../../../Engine/Content/EngineFonts/Faces/RobotoItalic.ufont" 150
"../../../Engine/Content/EngineFonts/Faces/RobotoItalic.uexp" 151
"../../../Engine/Content/EngineFonts/Faces/RobotoLight.uasset" 152
"../../../Engine/Content/EngineFonts/Faces/RobotoLight.ufont" 153
"../../../Engine/Content/EngineFonts/Faces/RobotoLight.uexp" 154
"../../../Engine/Content/EngineFonts/Faces/RobotoRegular.uasset" 155
"../../../Engine/Content/EngineFonts/Faces/RobotoRegular.ufont" 156
"../../../Engine/Content/EngineFonts/Faces/RobotoRegular.uexp" 157
"../../../Engine/Content/EngineFonts/Roboto.uasset" 158
"../../../Engine/Content/EngineFonts/Roboto.uexp" 159
"../../../Engine/Content/EngineMaterials/DefaultBloomKernel.uasset" 160
"../../../Engine/Content/EngineMaterials/DefaultBloomKernel.uexp" 161
"../../../Engine/Content/EngineMaterials/DefaultBokeh.uasset" 162
"../../../Engine/Content/EngineMaterials/DefaultBokeh.uexp" 163
"../../../Engine/Content/EngineMaterials/DefaultDestructiblePhysicalMaterial.uasset" 164
"../../../Engine/Content/EngineMaterials/DefaultDestructiblePhysicalMaterial.uexp" 165
"../../../Engine/Plugins/Runtime/AudioWidgets/Content/Resources/ScrubHandleDown_Clamped.uasset" 166
"../../../Engine/Plugins/Runtime/AudioWidgets/Content/Resources/ScrubHandleDown_Clamped.uexp" 167
"../../../Engine/Content/EngineMaterials/DefaultPhysicalMaterial.uasset" 168
"../../../Engine/Content/EngineMaterials/DefaultPhysicalMaterial.uexp" 169
"../../../Engine/Content/EngineMaterials/DefaultWhiteGrid.uasset" 170
"../../../Engine/Content/EngineMaterials/DefaultWhiteGrid.ubulk" 171
"../../../Engine/Content/EngineMaterials/DefaultWhiteGrid.uexp" 172
"../../../Engine/Content/EngineMaterials/FastBlueNoise_scalar_128x128x64.uasset" 173
"../../../Engine/Content/EngineMaterials/FastBlueNoise_scalar_128x128x64.uexp" 174
"../../../Engine/Content/EngineMaterials/FastBlueNoise_scalar_128x128x8.uasset" 175
"../../../Engine/Content/EngineMaterials/FastBlueNoise_scalar_128x128x8.uexp" 176
"../../../Engine/Content/EngineMaterials/FastBlueNoise_vec2_128x128x64.uasset" 177
"../../../Engine/Content/EngineMaterials/FastBlueNoise_vec2_128x128x64.uexp" 178
"../../../Engine/Content/EngineMaterials/MiniFont.uasset" 179
"../../../Engine/Content/EngineMaterials/MiniFont.uexp" 180
"../../../Engine/Content/EngineMaterials/PreintegratedSkinBRDF.uasset" 181
"../../../Engine/Content/EngineMaterials/PreintegratedSkinBRDF.uexp" 182
"../../../Engine/Content/EngineMaterials/SMAAAreaTex.uasset" 183
"../../../Engine/Content/EngineMaterials/SMAAAreaTex.uexp" 184
"../../../Engine/Content/EngineMaterials/SMAASearchTex.uasset" 185
"../../../Engine/Content/EngineMaterials/SMAASearchTex.uexp" 186
"../../../Engine/Content/MobileResources/HUD/VirtualJoystick_Background.uasset" 187
"../../../Engine/Content/MobileResources/HUD/VirtualJoystick_Background.uexp" 188
"../../../Engine/Content/MobileResources/HUD/VirtualJoystick_Thumb.uasset" 189
"../../../Engine/Content/MobileResources/HUD/VirtualJoystick_Thumb.uexp" 190
"../../../Engine/Content/MobileResources/HUD/DefaultVirtualJoysticks.uasset" 191
"../../../Engine/Content/MobileResources/HUD/DefaultVirtualJoysticks.uexp" 192
"../../../Engine/Plugins/Interchange/Runtime/Content/Pipelines/DefaultAssetsPipeline.uasset" 193
"../../../Engine/Plugins/Interchange/Runtime/Content/Pipelines/DefaultAssetsPipeline.uexp" 194
"../../../Engine/Plugins/Interchange/Runtime/Content/Pipelines/DefaultAudioPipeline.uasset" 195
"../../../Engine/Plugins/Interchange/Runtime/Content/Pipelines/DefaultAudioPipeline.uexp" 196
"../../../Engine/Plugins/Interchange/Runtime/Content/Pipelines/DefaultGLTFAssetsPipeline.uasset" 197
"../../../Engine/Plugins/Interchange/Runtime/Content/Pipelines/DefaultGLTFAssetsPipeline.uexp" 198
"../../../Engine/Plugins/Interchange/Runtime/Content/Pipelines/DefaultGLTFPipeline.uasset" 199
"../../../Engine/Plugins/Interchange/Runtime/Content/Pipelines/DefaultGLTFPipeline.uexp" 200
"../../../Engine/Plugins/Interchange/Runtime/Content/Pipelines/DefaultGLTFSceneAssetsPipeline.uasset" 201
"../../../Engine/Plugins/Interchange/Runtime/Content/Pipelines/DefaultGLTFSceneAssetsPipeline.uexp" 202
"../../../Engine/Plugins/Interchange/Runtime/Content/Pipelines/DefaultMaterialPipeline.uasset" 203
"../../../Engine/Plugins/Interchange/Runtime/Content/Pipelines/DefaultMaterialPipeline.uexp" 204
"../../../Engine/Plugins/Interchange/Runtime/Content/Pipelines/DefaultMaterialXPipeline.uasset" 205
"../../../Engine/Plugins/Interchange/Runtime/Content/Pipelines/DefaultMaterialXPipeline.uexp" 206
"../../../Engine/Plugins/Interchange/Runtime/Content/Pipelines/DefaultSceneAssetsPipeline.uasset" 207
"../../../Engine/Plugins/Interchange/Runtime/Content/Pipelines/DefaultSceneAssetsPipeline.uexp" 208
"../../../Engine/Plugins/Interchange/Runtime/Content/Pipelines/DefaultSceneLevelPipeline.uasset" 209
"../../../Engine/Plugins/Interchange/Runtime/Content/Pipelines/DefaultSceneLevelPipeline.uexp" 210
"../../../Engine/Content/EditorMaterials/ParticleSystems/PSysThumbnail_NoImage.uasset" 211
"../../../Engine/Content/EditorMaterials/ParticleSystems/PSysThumbnail_NoImage.ubulk" 212
"../../../Engine/Content/EditorMaterials/ParticleSystems/PSysThumbnail_NoImage.uexp" 213
"../../../Engine/Content/EditorMaterials/ParticleSystems/PSysThumbnail_OOD.uasset" 214
"../../../Engine/Content/EditorMaterials/ParticleSystems/PSysThumbnail_OOD.ubulk" 215
"../../../Engine/Content/EditorMaterials/ParticleSystems/PSysThumbnail_OOD.uexp" 216
"../../../Engine/Content/EditorResources/SequenceRecorder/Countdown.uasset" 217
"../../../Engine/Content/EditorResources/SequenceRecorder/Countdown.uexp" 218
"../../../Engine/Content/EditorResources/SequenceRecorder/RecordingIndicator.uasset" 219
"../../../Engine/Content/EditorResources/SequenceRecorder/RecordingIndicator.uexp" 220
"../../../Engine/Content/EngineMaterials/EnergyConservation/Diffuse_Energy.uasset" 221
"../../../Engine/Content/EngineMaterials/EnergyConservation/Diffuse_Energy.uexp" 222
"../../../Engine/Content/EngineMaterials/EnergyConservation/GGX_ReflectionEnergy.uasset" 223
"../../../Engine/Content/EngineMaterials/EnergyConservation/GGX_ReflectionEnergy.uexp" 224
"../../../Engine/Content/EngineMaterials/EnergyConservation/GGX_TransmissionEnergyArray.uasset" 225
"../../../Engine/Content/EngineMaterials/EnergyConservation/GGX_TransmissionEnergyArray.uexp" 226
"../../../Engine/Content/EngineMaterials/EnergyConservation/SheenLegacy_Energy.uasset" 227
"../../../Engine/Content/EngineMaterials/EnergyConservation/SheenLegacy_Energy.uexp" 228
"../../../Engine/Content/EngineMaterials/EnergyConservation/Sheen_Energy.uasset" 229
"../../../Engine/Content/EngineMaterials/EnergyConservation/Sheen_Energy.uexp" 230
"../../../Engine/Content/EngineMaterials/LTC/GGX_LTCAmp.uasset" 231
"../../../Engine/Content/EngineMaterials/LTC/GGX_LTCAmp.uexp" 232
"../../../Engine/Content/EngineMaterials/LTC/GGX_LTCMat.uasset" 233
"../../../Engine/Content/EngineMaterials/LTC/GGX_LTCMat.uexp" 234
"../../../Engine/Content/EngineMaterials/LTC/Sheen_LTC.uasset" 235
"../../../Engine/Content/EngineMaterials/LTC/Sheen_LTC.uexp" 236
"../../../Engine/Content/Functions/Engine_MaterialFunctions01/Shading/ConvertFromDiffSpec.uasset" 237
"../../../Engine/Content/Functions/Engine_MaterialFunctions01/Shading/ConvertFromDiffSpec.uexp" 238
"../../../Engine/Content/Functions/Engine_MaterialFunctions01/Shading/PowerToRoughness.uasset" 239
"../../../Engine/Content/Functions/Engine_MaterialFunctions01/Shading/PowerToRoughness.uexp" 240
"E:/unreal engine/TheErasTourRelive/Content/LoverHouse/Cube_051.uasset" 241
"E:/unreal engine/TheErasTourRelive/Content/LoverHouse/Cube_051.ubulk" 242
"E:/unreal engine/TheErasTourRelive/Content/LoverHouse/Cube_051.uexp" 243
"E:/unreal engine/TheErasTourRelive/Content/LoverHouse/Material_009.uasset" 244
"E:/unreal engine/TheErasTourRelive/Content/LoverHouse/Material_009.uexp" 245
"E:/unreal engine/TheErasTourRelive/Content/LoverHouse/Cube_048.uasset" 246
"E:/unreal engine/TheErasTourRelive/Content/LoverHouse/Cube_048.ubulk" 247
"E:/unreal engine/TheErasTourRelive/Content/LoverHouse/Cube_048.uexp" 248
"E:/unreal engine/TheErasTourRelive/Content/LoverHouse/Material_008.uasset" 249
"E:/unreal engine/TheErasTourRelive/Content/LoverHouse/Material_008.uexp" 250
"E:/unreal engine/TheErasTourRelive/Content/LoverHouse/Cube_045.uasset" 251
"E:/unreal engine/TheErasTourRelive/Content/LoverHouse/Cube_045.ubulk" 252
"E:/unreal engine/TheErasTourRelive/Content/LoverHouse/Cube_045.uexp" 253
"E:/unreal engine/TheErasTourRelive/Content/LoverHouse/Material_005.uasset" 254
"E:/unreal engine/TheErasTourRelive/Content/LoverHouse/Material_005.uexp" 255
"E:/unreal engine/TheErasTourRelive/Content/LoverHouse/Cube_042.uasset" 256
"E:/unreal engine/TheErasTourRelive/Content/LoverHouse/Cube_042.ubulk" 257
"E:/unreal engine/TheErasTourRelive/Content/LoverHouse/Cube_042.uexp" 258
"E:/unreal engine/TheErasTourRelive/Content/LoverHouse/Material_006.uasset" 259
"E:/unreal engine/TheErasTourRelive/Content/LoverHouse/Material_006.uexp" 260
"E:/unreal engine/TheErasTourRelive/Content/LoverHouse/Cube_039.uasset" 261
"E:/unreal engine/TheErasTourRelive/Content/LoverHouse/Cube_039.ubulk" 262
"E:/unreal engine/TheErasTourRelive/Content/LoverHouse/Cube_039.uexp" 263
"E:/unreal engine/TheErasTourRelive/Content/LoverHouse/Cube_036.uasset" 264
"E:/unreal engine/TheErasTourRelive/Content/LoverHouse/Cube_036.ubulk" 265
"E:/unreal engine/TheErasTourRelive/Content/LoverHouse/Cube_036.uexp" 266
"E:/unreal engine/TheErasTourRelive/Content/LoverHouse/Material_010.uasset" 267
"E:/unreal engine/TheErasTourRelive/Content/LoverHouse/Material_010.uexp" 268
"E:/unreal engine/TheErasTourRelive/Content/LoverHouse/Cube_033.uasset" 269
"E:/unreal engine/TheErasTourRelive/Content/LoverHouse/Cube_033.ubulk" 270
"E:/unreal engine/TheErasTourRelive/Content/LoverHouse/Cube_033.uexp" 271
"E:/unreal engine/TheErasTourRelive/Content/LoverHouse/Material_011.uasset" 272
"E:/unreal engine/TheErasTourRelive/Content/LoverHouse/Material_011.uexp" 273
"E:/unreal engine/TheErasTourRelive/Content/LoverHouse/Cube_029.uasset" 274
"E:/unreal engine/TheErasTourRelive/Content/LoverHouse/Cube_029.ubulk" 275
"E:/unreal engine/TheErasTourRelive/Content/LoverHouse/Cube_029.uexp" 276
"E:/unreal engine/TheErasTourRelive/Content/LoverHouse/Material.uasset" 277
"E:/unreal engine/TheErasTourRelive/Content/LoverHouse/Material.uexp" 278
"E:/unreal engine/TheErasTourRelive/Content/LoverHouse/Cube_026.uasset" 279
"E:/unreal engine/TheErasTourRelive/Content/LoverHouse/Cube_026.ubulk" 280
"E:/unreal engine/TheErasTourRelive/Content/LoverHouse/Cube_026.uexp" 281
"E:/unreal engine/TheErasTourRelive/Content/LoverHouse/Cube_023.uasset" 282
"E:/unreal engine/TheErasTourRelive/Content/LoverHouse/Cube_023.ubulk" 283
"E:/unreal engine/TheErasTourRelive/Content/LoverHouse/Cube_023.uexp" 284
"../../../Engine/Plugins/Animation/ControlRig/Content/Controls/ControlRig_Wedge_solid.uasset" 285
"../../../Engine/Plugins/Animation/ControlRig/Content/Controls/ControlRig_Wedge_solid.ubulk" 286
"../../../Engine/Plugins/Animation/ControlRig/Content/Controls/ControlRig_Wedge_solid.uexp" 287
"../../../Engine/Plugins/Interchange/Assets/Content/Functions/MX_UsdPreviewSurface.uasset" 288
"../../../Engine/Plugins/Interchange/Assets/Content/Functions/MX_UsdPreviewSurface.uexp" 289
"E:/unreal engine/TheErasTourRelive/Content/LoverHouse/Material_003.uasset" 290
"E:/unreal engine/TheErasTourRelive/Content/LoverHouse/Material_003.uexp" 291
"E:/unreal engine/TheErasTourRelive/Content/LoverHouse/Cube_020.uasset" 292
"E:/unreal engine/TheErasTourRelive/Content/LoverHouse/Cube_020.ubulk" 293
"E:/unreal engine/TheErasTourRelive/Content/LoverHouse/Cube_020.uexp" 294
"../../../Engine/Plugins/Interchange/Assets/Content/Functions/MX_UniformEDF.uasset" 295
"../../../Engine/Plugins/Interchange/Assets/Content/Functions/MX_UniformEDF.uexp" 296
"../../../Engine/Plugins/Animation/ControlRig/Content/Controls/ControlRig_Wedge_3mm.uasset" 297
"../../../Engine/Plugins/Animation/ControlRig/Content/Controls/ControlRig_Wedge_3mm.ubulk" 298
"../../../Engine/Plugins/Animation/ControlRig/Content/Controls/ControlRig_Wedge_3mm.uexp" 299
"E:/unreal engine/TheErasTourRelive/Content/LoverHouse/Cube_017.uasset" 300
"E:/unreal engine/TheErasTourRelive/Content/LoverHouse/Cube_017.ubulk" 301
"E:/unreal engine/TheErasTourRelive/Content/LoverHouse/Cube_017.uexp" 302
"../../../Engine/Plugins/Interchange/Assets/Content/Functions/MX_TranslucentBSDF.uasset" 303
"../../../Engine/Plugins/Interchange/Assets/Content/Functions/MX_TranslucentBSDF.uexp" 304
"../../../Engine/Plugins/Animation/ControlRig/Content/Controls/ControlRig_Wedge_1mm.uasset" 305
"../../../Engine/Plugins/Animation/ControlRig/Content/Controls/ControlRig_Wedge_1mm.ubulk" 306
"../../../Engine/Plugins/Animation/ControlRig/Content/Controls/ControlRig_Wedge_1mm.uexp" 307
"E:/unreal engine/TheErasTourRelive/Content/LoverHouse/Material_004.uasset" 308
"E:/unreal engine/TheErasTourRelive/Content/LoverHouse/Material_004.uexp" 309
"E:/unreal engine/TheErasTourRelive/Content/LoverHouse/Cube_014.uasset" 310
"E:/unreal engine/TheErasTourRelive/Content/LoverHouse/Cube_014.ubulk" 311
"E:/unreal engine/TheErasTourRelive/Content/LoverHouse/Cube_014.uexp" 312
"../../../Engine/Plugins/Animation/ControlRig/Content/Controls/ControlRig_Triangle_solid.uasset" 313
"../../../Engine/Plugins/Animation/ControlRig/Content/Controls/ControlRig_Triangle_solid.ubulk" 314
"../../../Engine/Plugins/Animation/ControlRig/Content/Controls/ControlRig_Triangle_solid.uexp" 315
"../../../Engine/Plugins/Interchange/Assets/Content/Functions/MX_SurfaceUnlit.uasset" 316
"../../../Engine/Plugins/Interchange/Assets/Content/Functions/MX_SurfaceUnlit.uexp" 317
"E:/unreal engine/TheErasTourRelive/Content/LoverHouse/Cube_011.uasset" 318
"E:/unreal engine/TheErasTourRelive/Content/LoverHouse/Cube_011.ubulk" 319
"E:/unreal engine/TheErasTourRelive/Content/LoverHouse/Cube_011.uexp" 320
"../../../Engine/Plugins/Interchange/Assets/Content/Functions/MX_Surface.uasset" 321
"../../../Engine/Plugins/Interchange/Assets/Content/Functions/MX_Surface.uexp" 322
"../../../Engine/Plugins/Animation/ControlRig/Content/Controls/ControlRig_Triangle_3mm.uasset" 323
"../../../Engine/Plugins/Animation/ControlRig/Content/Controls/ControlRig_Triangle_3mm.ubulk" 324
"../../../Engine/Plugins/Animation/ControlRig/Content/Controls/ControlRig_Triangle_3mm.uexp" 325
"../../../Engine/Plugins/Interchange/Assets/Content/Functions/MX_SubsurfaceBSDF.uasset" 326
"../../../Engine/Plugins/Interchange/Assets/Content/Functions/MX_SubsurfaceBSDF.uexp" 327
"E:/unreal engine/TheErasTourRelive/Content/LoverHouse/Cube_008.uasset" 328
"E:/unreal engine/TheErasTourRelive/Content/LoverHouse/Cube_008.ubulk" 329
"E:/unreal engine/TheErasTourRelive/Content/LoverHouse/Cube_008.uexp" 330
"../../../Engine/Plugins/Animation/ControlRig/Content/Controls/ControlRig_Triangle_1mm.uasset" 331
"../../../Engine/Plugins/Animation/ControlRig/Content/Controls/ControlRig_Triangle_1mm.ubulk" 332
"../../../Engine/Plugins/Animation/ControlRig/Content/Controls/ControlRig_Triangle_1mm.uexp" 333
"E:/unreal engine/TheErasTourRelive/Content/LoverHouse/Cube_005.uasset" 334
"E:/unreal engine/TheErasTourRelive/Content/LoverHouse/Cube_005.ubulk" 335
"E:/unreal engine/TheErasTourRelive/Content/LoverHouse/Cube_005.uexp" 336
"../../../Engine/Plugins/Animation/ControlRig/Content/Controls/ControlRig_Star4_solid.uasset" 337
"../../../Engine/Plugins/Animation/ControlRig/Content/Controls/ControlRig_Star4_solid.ubulk" 338
"../../../Engine/Plugins/Animation/ControlRig/Content/Controls/ControlRig_Star4_solid.uexp" 339
"../../../Engine/Plugins/Interchange/Assets/Content/Functions/MX_SheenBSDF.uasset" 340
"../../../Engine/Plugins/Interchange/Assets/Content/Functions/MX_SheenBSDF.uexp" 341
"E:/unreal engine/TheErasTourRelive/Content/LoverHouse/Cube_002.uasset" 342
"E:/unreal engine/TheErasTourRelive/Content/LoverHouse/Cube_002.ubulk" 343
"E:/unreal engine/TheErasTourRelive/Content/LoverHouse/Cube_002.uexp" 344
"../../../Engine/Plugins/Animation/ControlRig/Content/Controls/ControlRig_Star4_3mm.uasset" 345
"../../../Engine/Plugins/Animation/ControlRig/Content/Controls/ControlRig_Star4_3mm.ubulk" 346
"../../../Engine/Plugins/Animation/ControlRig/Content/Controls/ControlRig_Star4_3mm.uexp" 347
"../../../Engine/Plugins/Animation/ControlRig/Content/Controls/ControlRig_Star4_1mm.uasset" 348
"../../../Engine/Plugins/Animation/ControlRig/Content/Controls/ControlRig_Star4_1mm.ubulk" 349
"../../../Engine/Plugins/Animation/ControlRig/Content/Controls/ControlRig_Star4_1mm.uexp" 350
"E:/unreal engine/TheErasTourRelive/Content/LoverHouse/1989_room.uasset" 351
"E:/unreal engine/TheErasTourRelive/Content/LoverHouse/1989_room.uexp" 352
"E:/unreal engine/TheErasTourRelive/Content/LoverHouse/Material_024.uasset" 353
"E:/unreal engine/TheErasTourRelive/Content/LoverHouse/Material_024.uexp" 354
"E:/unreal engine/TheErasTourRelive/Content/LoverHouse/Plane_009.uasset" 355
"E:/unreal engine/TheErasTourRelive/Content/LoverHouse/Plane_009.ubulk" 356
"E:/unreal engine/TheErasTourRelive/Content/LoverHouse/Plane_009.uexp" 357
"../../../Engine/Plugins/Animation/ControlRig/Content/Controls/ControlRig_Square_solid.uasset" 358
"../../../Engine/Plugins/Animation/ControlRig/Content/Controls/ControlRig_Square_solid.ubulk" 359
"../../../Engine/Plugins/Animation/ControlRig/Content/Controls/ControlRig_Square_solid.uexp" 360
"E:/unreal engine/TheErasTourRelive/Content/LoverHouse/speak_now_room.uasset" 361
"E:/unreal engine/TheErasTourRelive/Content/LoverHouse/speak_now_room.uexp" 362
"E:/unreal engine/TheErasTourRelive/Content/LoverHouse/Material_014.uasset" 363
"E:/unreal engine/TheErasTourRelive/Content/LoverHouse/Material_014.uexp" 364
"E:/unreal engine/TheErasTourRelive/Content/LoverHouse/Plane_002.uasset" 365
"E:/unreal engine/TheErasTourRelive/Content/LoverHouse/Plane_002.ubulk" 366
"E:/unreal engine/TheErasTourRelive/Content/LoverHouse/Plane_002.uexp" 367
"../../../Engine/Plugins/Interchange/Assets/Content/Functions/MX_OrenNayarBSDF.uasset" 368
"../../../Engine/Plugins/Interchange/Assets/Content/Functions/MX_OrenNayarBSDF.uexp" 369
"E:/unreal engine/TheErasTourRelive/Content/LoverHouse/Material_026.uasset" 370
"E:/unreal engine/TheErasTourRelive/Content/LoverHouse/Material_026.uexp" 371
"E:/unreal engine/TheErasTourRelive/Content/LoverHouse/Plane_013.uasset" 372
"E:/unreal engine/TheErasTourRelive/Content/LoverHouse/Plane_013.ubulk" 373
"E:/unreal engine/TheErasTourRelive/Content/LoverHouse/Plane_013.uexp" 374
"../../../Engine/Plugins/Interchange/Assets/Content/Functions/MF_IridescenceNoLUT.uasset" 375
"../../../Engine/Plugins/Interchange/Assets/Content/Functions/MF_IridescenceNoLUT.uexp" 376
"../../../Engine/Plugins/Interchange/Assets/Content/Functions/MX_StandardSurface.uasset" 377
"../../../Engine/Plugins/Interchange/Assets/Content/Functions/MX_StandardSurface.uexp" 378
"../../../Engine/Plugins/Interchange/Assets/Content/Functions/MX_TransmissionSurface.uasset" 379
"../../../Engine/Plugins/Interchange/Assets/Content/Functions/MX_TransmissionSurface.uexp" 380
"../../../Engine/Plugins/Interchange/Assets/Content/Functions/MX_OpenPBR_Translucent.uasset" 381
"../../../Engine/Plugins/Interchange/Assets/Content/Functions/MX_OpenPBR_Translucent.uexp" 382
"../../../Engine/Plugins/Animation/ControlRig/Content/Controls/ControlRig_Square_3mm.uasset" 383
"../../../Engine/Plugins/Animation/ControlRig/Content/Controls/ControlRig_Square_3mm.ubulk" 384
"../../../Engine/Plugins/Animation/ControlRig/Content/Controls/ControlRig_Square_3mm.uexp" 385
"../../../Engine/Plugins/Interchange/Assets/Content/Functions/MX_OpenPBR_Opaque.uasset" 386
"../../../Engine/Plugins/Interchange/Assets/Content/Functions/MX_OpenPBR_Opaque.uexp" 387
"E:/unreal engine/TheErasTourRelive/Content/LoverHouse/lover_room.uasset" 388
"E:/unreal engine/TheErasTourRelive/Content/LoverHouse/lover_room.uexp" 389
"E:/unreal engine/TheErasTourRelive/Content/LoverHouse/Material_025.uasset" 390
"E:/unreal engine/TheErasTourRelive/Content/LoverHouse/Material_025.uexp" 391
"E:/unreal engine/TheErasTourRelive/Content/LoverHouse/Plane_012.uasset" 392
"E:/unreal engine/TheErasTourRelive/Content/LoverHouse/Plane_012.ubulk" 393
"E:/unreal engine/TheErasTourRelive/Content/LoverHouse/Plane_012.uexp" 394
"../../../Engine/Plugins/Animation/ControlRig/Content/Controls/ControlRig_Square_1mm.uasset" 395
"../../../Engine/Plugins/Animation/ControlRig/Content/Controls/ControlRig_Square_1mm.ubulk" 396
"../../../Engine/Plugins/Animation/ControlRig/Content/Controls/ControlRig_Square_1mm.uexp" 397
"../../../Engine/Plugins/Interchange/Assets/Content/Functions/MX_MeasuredEDF.uasset" 398
"../../../Engine/Plugins/Interchange/Assets/Content/Functions/MX_MeasuredEDF.uexp" 399
"E:/unreal engine/TheErasTourRelive/Content/LoverHouse/evermore_room.uasset" 400
"E:/unreal engine/TheErasTourRelive/Content/LoverHouse/evermore_room.uexp" 401
"E:/unreal engine/TheErasTourRelive/Content/LoverHouse/Material_022.uasset" 402
"E:/unreal engine/TheErasTourRelive/Content/LoverHouse/Material_022.uexp" 403
"E:/unreal engine/TheErasTourRelive/Content/LoverHouse/Plane_008.uasset" 404
"E:/unreal engine/TheErasTourRelive/Content/LoverHouse/Plane_008.ubulk" 405
"E:/unreal engine/TheErasTourRelive/Content/LoverHouse/Plane_008.uexp" 406
"../../../Engine/Plugins/Animation/ControlRig/Content/Controls/ControlRig_Sphere_solid.uasset" 407
"../../../Engine/Plugins/Animation/ControlRig/Content/Controls/ControlRig_Sphere_solid.ubulk" 408
"../../../Engine/Plugins/Animation/ControlRig/Content/Controls/ControlRig_Sphere_solid.uexp" 409
"../../../Engine/Plugins/Animation/ControlRig/Content/Controls/ControlRig_Sphere_3mm.uasset" 410
"../../../Engine/Plugins/Animation/ControlRig/Content/Controls/ControlRig_Sphere_3mm.ubulk" 411
"../../../Engine/Plugins/Animation/ControlRig/Content/Controls/ControlRig_Sphere_3mm.uexp" 412
"E:/unreal engine/TheErasTourRelive/Content/LoverHouse/fearless_room.uasset" 413
"E:/unreal engine/TheErasTourRelive/Content/LoverHouse/fearless_room.uexp" 414
"E:/unreal engine/TheErasTourRelive/Content/LoverHouse/Material_020.uasset" 415
"E:/unreal engine/TheErasTourRelive/Content/LoverHouse/Material_020.uexp" 416
"E:/unreal engine/TheErasTourRelive/Content/LoverHouse/Plane_006.uasset" 417
"E:/unreal engine/TheErasTourRelive/Content/LoverHouse/Plane_006.ubulk" 418
"E:/unreal engine/TheErasTourRelive/Content/LoverHouse/Plane_006.uexp" 419
"../../../Engine/Plugins/Interchange/Assets/Content/Functions/MX_GeneralizedSchlickBSDF.uasset" 420
"../../../Engine/Plugins/Interchange/Assets/Content/Functions/MX_GeneralizedSchlickBSDF.uexp" 421
"E:/unreal engine/TheErasTourRelive/Content/LoverHouse/red_room.uasset" 422
"E:/unreal engine/TheErasTourRelive/Content/LoverHouse/red_room.uexp" 423
"E:/unreal engine/TheErasTourRelive/Content/LoverHouse/Material_019.uasset" 424
"E:/unreal engine/TheErasTourRelive/Content/LoverHouse/Material_019.uexp" 425
"E:/unreal engine/TheErasTourRelive/Content/LoverHouse/Plane_005.uasset" 426
"E:/unreal engine/TheErasTourRelive/Content/LoverHouse/Plane_005.ubulk" 427
"E:/unreal engine/TheErasTourRelive/Content/LoverHouse/Plane_005.uexp" 428
"../../../Engine/Plugins/Animation/ControlRig/Content/Controls/ControlRig_Sphere_1mm.uasset" 429
"../../../Engine/Plugins/Animation/ControlRig/Content/Controls/ControlRig_Sphere_1mm.ubulk" 430
"../../../Engine/Plugins/Animation/ControlRig/Content/Controls/ControlRig_Sphere_1mm.uexp" 431
"../../../Engine/Plugins/Interchange/Assets/Content/Functions/MX_Displacement.uasset" 432
"../../../Engine/Plugins/Interchange/Assets/Content/Functions/MX_Displacement.uexp" 433
"../../../Engine/Plugins/Interchange/Assets/Content/Functions/MX_DielectricBSDF.uasset" 434
"../../../Engine/Plugins/Interchange/Assets/Content/Functions/MX_DielectricBSDF.uexp" 435
"E:/unreal engine/TheErasTourRelive/Content/LoverHouse/ttpd_room.uasset" 436
"E:/unreal engine/TheErasTourRelive/Content/LoverHouse/ttpd_room.uexp" 437
"E:/unreal engine/TheErasTourRelive/Content/LoverHouse/Material_017.uasset" 438
"E:/unreal engine/TheErasTourRelive/Content/LoverHouse/Material_017.uexp" 439
"E:/unreal engine/TheErasTourRelive/Content/LoverHouse/Plane_003.uasset" 440
"E:/unreal engine/TheErasTourRelive/Content/LoverHouse/Plane_003.ubulk" 441
"E:/unreal engine/TheErasTourRelive/Content/LoverHouse/Plane_003.uexp" 442
"../../../Engine/Plugins/Interchange/Assets/Content/Functions/MX_ConicalEDF.uasset" 443
"../../../Engine/Plugins/Interchange/Assets/Content/Functions/MX_ConicalEDF.uexp" 444
"E:/unreal engine/TheErasTourRelive/Content/LoverHouse/Sphere.uasset" 445
"E:/unreal engine/TheErasTourRelive/Content/LoverHouse/Sphere.ubulk" 446
"E:/unreal engine/TheErasTourRelive/Content/LoverHouse/Sphere.uexp" 447
"../../../Engine/Plugins/Interchange/Assets/Content/Functions/MX_ConductorBSDF.uasset" 448
"../../../Engine/Plugins/Interchange/Assets/Content/Functions/MX_ConductorBSDF.uexp" 449
"../../../Engine/Content/EditorMaterials/Camera/CineMat.uasset" 450
"../../../Engine/Content/EditorMaterials/Camera/CineMat.uexp" 451
"../../../Engine/Content/EditorMaterials/Camera/MI_CineMat_Rig.uasset" 452
"../../../Engine/Content/EditorMaterials/Camera/MI_CineMat_Rig.uexp" 453
"../../../Engine/Content/EditorMeshes/Camera/SM_RailRig_Track.uasset" 454
"../../../Engine/Content/EditorMeshes/Camera/SM_RailRig_Track.ubulk" 455
"../../../Engine/Content/EditorMeshes/Camera/SM_RailRig_Track.uexp" 456
"E:/unreal engine/TheErasTourRelive/Content/LoverHouse/Material_001.uasset" 457
"E:/unreal engine/TheErasTourRelive/Content/LoverHouse/Material_001.uexp" 458
"E:/unreal engine/TheErasTourRelive/Content/LoverHouse/obj_1_House_-_black.uasset" 459
"E:/unreal engine/TheErasTourRelive/Content/LoverHouse/obj_1_House_-_black.ubulk" 460
"E:/unreal engine/TheErasTourRelive/Content/LoverHouse/obj_1_House_-_black.uexp" 461
"../../../Engine/Content/EditorMeshes/Camera/SM_RailRig_Mount.uasset" 462
"../../../Engine/Content/EditorMeshes/Camera/SM_RailRig_Mount.ubulk" 463
"../../../Engine/Content/EditorMeshes/Camera/SM_RailRig_Mount.uexp" 464
"E:/unreal engine/TheErasTourRelive/Content/LoverHouse/Material_016.uasset" 465
"E:/unreal engine/TheErasTourRelive/Content/LoverHouse/Material_016.uexp" 466
"E:/unreal engine/TheErasTourRelive/Content/LoverHouse/Cube_069.uasset" 467
"E:/unreal engine/TheErasTourRelive/Content/LoverHouse/Cube_069.ubulk" 468
"E:/unreal engine/TheErasTourRelive/Content/LoverHouse/Cube_069.uexp" 469
"../../../Engine/Plugins/Interchange/Assets/Content/Functions/MX_ChiangHairBSDF.uasset" 470
"../../../Engine/Plugins/Interchange/Assets/Content/Functions/MX_ChiangHairBSDF.uexp" 471
"../../../Engine/Content/EditorMeshes/Camera/SM_CraneRig_Mount.uasset" 472
"../../../Engine/Content/EditorMeshes/Camera/SM_CraneRig_Mount.ubulk" 473
"../../../Engine/Content/EditorMeshes/Camera/SM_CraneRig_Mount.uexp" 474
"E:/unreal engine/TheErasTourRelive/Content/LoverHouse/Cube_068.uasset" 475
"E:/unreal engine/TheErasTourRelive/Content/LoverHouse/Cube_068.ubulk" 476
"E:/unreal engine/TheErasTourRelive/Content/LoverHouse/Cube_068.uexp" 477
"../../../Engine/Plugins/Interchange/Assets/Content/Functions/MX_BurleyDiffuseBSDF.uasset" 478
"../../../Engine/Plugins/Interchange/Assets/Content/Functions/MX_BurleyDiffuseBSDF.uexp" 479
"../../../Engine/Content/EditorMeshes/Camera/SM_CraneRig_Body.uasset" 480
"../../../Engine/Content/EditorMeshes/Camera/SM_CraneRig_Body.ubulk" 481
"../../../Engine/Content/EditorMeshes/Camera/SM_CraneRig_Body.uexp" 482
"E:/unreal engine/TheErasTourRelive/Content/LoverHouse/Cube_066.uasset" 483
"E:/unreal engine/TheErasTourRelive/Content/LoverHouse/Cube_066.ubulk" 484
"E:/unreal engine/TheErasTourRelive/Content/LoverHouse/Cube_066.uexp" 485
"../../../Engine/Plugins/Interchange/Assets/Content/Functions/MX_AnisotropicVDF.uasset" 486
"../../../Engine/Plugins/Interchange/Assets/Content/Functions/MX_AnisotropicVDF.uexp" 487
"../../../Engine/Content/EditorMeshes/Camera/SM_CraneRig_Base.uasset" 488
"../../../Engine/Content/EditorMeshes/Camera/SM_CraneRig_Base.ubulk" 489
"../../../Engine/Content/EditorMeshes/Camera/SM_CraneRig_Base.uexp" 490
"E:/unreal engine/TheErasTourRelive/Content/LoverHouse/Cube_065.uasset" 491
"E:/unreal engine/TheErasTourRelive/Content/LoverHouse/Cube_065.ubulk" 492
"E:/unreal engine/TheErasTourRelive/Content/LoverHouse/Cube_065.uexp" 493
"../../../Engine/Content/EditorMeshes/Camera/SM_CraneRig_Arm.uasset" 494
"../../../Engine/Content/EditorMeshes/Camera/SM_CraneRig_Arm.ubulk" 495
"../../../Engine/Content/EditorMeshes/Camera/SM_CraneRig_Arm.uexp" 496
"E:/unreal engine/TheErasTourRelive/Content/LoverHouse/Material_015.uasset" 497
"E:/unreal engine/TheErasTourRelive/Content/LoverHouse/Material_015.uexp" 498
"E:/unreal engine/TheErasTourRelive/Content/LoverHouse/Cube_063.uasset" 499
"E:/unreal engine/TheErasTourRelive/Content/LoverHouse/Cube_063.ubulk" 500
"E:/unreal engine/TheErasTourRelive/Content/LoverHouse/Cube_063.uexp" 501
"../../../Engine/Plugins/Interchange/Assets/Content/Functions/MX_AbsorptionVDF.uasset" 502
"../../../Engine/Plugins/Interchange/Assets/Content/Functions/MX_AbsorptionVDF.uexp" 503
"E:/unreal engine/TheErasTourRelive/Content/LoverHouse/Cube_062.uasset" 504
"E:/unreal engine/TheErasTourRelive/Content/LoverHouse/Cube_062.ubulk" 505
"E:/unreal engine/TheErasTourRelive/Content/LoverHouse/Cube_062.uexp" 506
"E:/unreal engine/TheErasTourRelive/Content/LoverHouse/Cube_060.uasset" 507
"E:/unreal engine/TheErasTourRelive/Content/LoverHouse/Cube_060.ubulk" 508
"E:/unreal engine/TheErasTourRelive/Content/LoverHouse/Cube_060.uexp" 509
"E:/unreal engine/TheErasTourRelive/Content/LoverHouse/Cube_059.uasset" 510
"E:/unreal engine/TheErasTourRelive/Content/LoverHouse/Cube_059.ubulk" 511
"E:/unreal engine/TheErasTourRelive/Content/LoverHouse/Cube_059.uexp" 512
"E:/unreal engine/TheErasTourRelive/Content/LoverHouse/Material_012.uasset" 513
"E:/unreal engine/TheErasTourRelive/Content/LoverHouse/Material_012.uexp" 514
"E:/unreal engine/TheErasTourRelive/Content/LoverHouse/Cube_057.uasset" 515
"E:/unreal engine/TheErasTourRelive/Content/LoverHouse/Cube_057.ubulk" 516
"E:/unreal engine/TheErasTourRelive/Content/LoverHouse/Cube_057.uexp" 517
"E:/unreal engine/TheErasTourRelive/Content/LoverHouse/Material_007.uasset" 518
"E:/unreal engine/TheErasTourRelive/Content/LoverHouse/Material_007.uexp" 519
"E:/unreal engine/TheErasTourRelive/Content/LoverHouse/Cube_055.uasset" 520
"E:/unreal engine/TheErasTourRelive/Content/LoverHouse/Cube_055.ubulk" 521
"E:/unreal engine/TheErasTourRelive/Content/LoverHouse/Cube_055.uexp" 522
"E:/unreal engine/TheErasTourRelive/Content/LoverHouse/Cube_053.uasset" 523
"E:/unreal engine/TheErasTourRelive/Content/LoverHouse/Cube_053.ubulk" 524
"E:/unreal engine/TheErasTourRelive/Content/LoverHouse/Cube_053.uexp" 525
"E:/unreal engine/TheErasTourRelive/Content/LoverHouse/Cube_052.uasset" 526
"E:/unreal engine/TheErasTourRelive/Content/LoverHouse/Cube_052.ubulk" 527
"E:/unreal engine/TheErasTourRelive/Content/LoverHouse/Cube_052.uexp" 528
"E:/unreal engine/TheErasTourRelive/Content/LoverHouse/Cube_050.uasset" 529
"E:/unreal engine/TheErasTourRelive/Content/LoverHouse/Cube_050.ubulk" 530
"E:/unreal engine/TheErasTourRelive/Content/LoverHouse/Cube_050.uexp" 531
"E:/unreal engine/TheErasTourRelive/Content/LoverHouse/Cube_049.uasset" 532
"E:/unreal engine/TheErasTourRelive/Content/LoverHouse/Cube_049.ubulk" 533
"E:/unreal engine/TheErasTourRelive/Content/LoverHouse/Cube_049.uexp" 534
"E:/unreal engine/TheErasTourRelive/Content/LoverHouse/Cube_047.uasset" 535
"E:/unreal engine/TheErasTourRelive/Content/LoverHouse/Cube_047.ubulk" 536
"E:/unreal engine/TheErasTourRelive/Content/LoverHouse/Cube_047.uexp" 537
"E:/unreal engine/TheErasTourRelive/Content/LoverHouse/Cube_046.uasset" 538
"E:/unreal engine/TheErasTourRelive/Content/LoverHouse/Cube_046.ubulk" 539
"E:/unreal engine/TheErasTourRelive/Content/LoverHouse/Cube_046.uexp" 540
"E:/unreal engine/TheErasTourRelive/Content/LoverHouse/Cube_044.uasset" 541
"E:/unreal engine/TheErasTourRelive/Content/LoverHouse/Cube_044.ubulk" 542
"E:/unreal engine/TheErasTourRelive/Content/LoverHouse/Cube_044.uexp" 543
"E:/unreal engine/TheErasTourRelive/Content/LoverHouse/Cube_043.uasset" 544
"E:/unreal engine/TheErasTourRelive/Content/LoverHouse/Cube_043.ubulk" 545
"E:/unreal engine/TheErasTourRelive/Content/LoverHouse/Cube_043.uexp" 546
"E:/unreal engine/TheErasTourRelive/Content/LoverHouse/Cube_041.uasset" 547
"E:/unreal engine/TheErasTourRelive/Content/LoverHouse/Cube_041.ubulk" 548
"E:/unreal engine/TheErasTourRelive/Content/LoverHouse/Cube_041.uexp" 549
"E:/unreal engine/TheErasTourRelive/Content/LoverHouse/Cube_035.uasset" 550
"E:/unreal engine/TheErasTourRelive/Content/LoverHouse/Cube_035.ubulk" 551
"E:/unreal engine/TheErasTourRelive/Content/LoverHouse/Cube_035.uexp" 552
"../../../Engine/Content/EditorMaterials/Dataflow/DataflowVertexMaterial.uasset" 553
"../../../Engine/Content/EditorMaterials/Dataflow/DataflowVertexMaterial.uexp" 554
"../../../Engine/Content/EditorMaterials/Dataflow/DataflowTwoSidedVertexMaterial.uasset" 555
"../../../Engine/Content/EditorMaterials/Dataflow/DataflowTwoSidedVertexMaterial.uexp" 556
"E:/unreal engine/TheErasTourRelive/Content/LoverHouse/Cube_034.uasset" 557
"E:/unreal engine/TheErasTourRelive/Content/LoverHouse/Cube_034.ubulk" 558
"E:/unreal engine/TheErasTourRelive/Content/LoverHouse/Cube_034.uexp" 559
"../../../Engine/Content/Functions/Engine_MaterialFunctions02/Utility/CameraDirectionVector.uasset" 560
"../../../Engine/Content/Functions/Engine_MaterialFunctions02/Utility/CameraDirectionVector.uexp" 561
"../../../Engine/Content/Functions/Engine_MaterialFunctions02/Utility/VectorLength.uasset" 562
"../../../Engine/Content/Functions/Engine_MaterialFunctions02/Utility/VectorLength.uexp" 563
"../../../Engine/Plugins/Experimental/MeshModelingToolsetExp/Content/Materials/GetDisplacementVectorForDepthBias.uasset" 564
"../../../Engine/Plugins/Experimental/MeshModelingToolsetExp/Content/Materials/GetDisplacementVectorForDepthBias.uexp" 565
"../../../Engine/Content/Functions/Engine_MaterialFunctions03/Viewport/MF_OrthoWidth.uasset" 566
"../../../Engine/Content/Functions/Engine_MaterialFunctions03/Viewport/MF_OrthoWidth.uexp" 567
"../../../Engine/Content/Functions/Engine_MaterialFunctions02/Utility/FOV.uasset" 568
"../../../Engine/Content/Functions/Engine_MaterialFunctions02/Utility/FOV.uexp" 569
"../../../Engine/Content/Functions/Engine_MaterialFunctions02/WorldPositionOffset/V2/ObjectScale.uasset" 570
"../../../Engine/Content/Functions/Engine_MaterialFunctions02/WorldPositionOffset/V2/ObjectScale.uexp" 571
"../../../Engine/Plugins/Experimental/MeshModelingToolsetExp/Content/Materials/PointSetOverlaidComponentMaterial.uasset" 572
"../../../Engine/Plugins/Experimental/MeshModelingToolsetExp/Content/Materials/PointSetOverlaidComponentMaterial.uexp" 573
"E:/unreal engine/TheErasTourRelive/Content/LoverHouse/Cube_031.uasset" 574
"E:/unreal engine/TheErasTourRelive/Content/LoverHouse/Cube_031.ubulk" 575
"E:/unreal engine/TheErasTourRelive/Content/LoverHouse/Cube_031.uexp" 576
"../../../Engine/Content/EditorLandscapeResources/WhiteSquareTexture.uasset" 577
"../../../Engine/Content/EditorLandscapeResources/WhiteSquareTexture.uexp" 578
"../../../Engine/Content/EngineMaterials/BaseFlattenNormalMap.uasset" 579
"../../../Engine/Content/EngineMaterials/BaseFlattenNormalMap.uexp" 580
"../../../Engine/Content/ArtTools/RenderToTexture/Textures/127grey.uasset" 581
"../../../Engine/Content/ArtTools/RenderToTexture/Textures/127grey.uexp" 582
"../../../Engine/Content/Functions/Engine_MaterialFunctions02/Utility/MakeFloat2.uasset" 583
"../../../Engine/Content/Functions/Engine_MaterialFunctions02/Utility/MakeFloat2.uexp" 584
"../../../Engine/Content/Functions/Engine_MaterialFunctions02/Utility/MakeFloat3.uasset" 585
"../../../Engine/Content/Functions/Engine_MaterialFunctions02/Utility/MakeFloat3.uexp" 586
"../../../Engine/Content/Functions/Engine_MaterialFunctions02/Utility/MakeFloat4.uasset" 587
"../../../Engine/Content/Functions/Engine_MaterialFunctions02/Utility/MakeFloat4.uexp" 588
"../../../Engine/Content/Functions/Engine_MaterialFunctions02/Texturing/CustomRotator.uasset" 589
"../../../Engine/Content/Functions/Engine_MaterialFunctions02/Texturing/CustomRotator.uexp" 590
"../../../Engine/Content/Functions/Engine_MaterialFunctions02/Math/InverseTransformMatrix.uasset" 591
"../../../Engine/Content/Functions/Engine_MaterialFunctions02/Math/InverseTransformMatrix.uexp" 592
"../../../Engine/Plugins/Runtime/USDCore/Content/Materials/ChannelSelector.uasset" 593
"../../../Engine/Plugins/Runtime/USDCore/Content/Materials/ChannelSelector.uexp" 594
"../../../Engine/Content/Functions/Engine_MaterialFunctions01/ImageAdjustment/sRGBToLinear.uasset" 595
"../../../Engine/Content/Functions/Engine_MaterialFunctions01/ImageAdjustment/sRGBToLinear.uexp" 596
"../../../Engine/Plugins/Runtime/USDCore/Content/Materials/UsdTransform2d.uasset" 597
"../../../Engine/Plugins/Runtime/USDCore/Content/Materials/UsdTransform2d.uexp" 598
"../../../Engine/Plugins/Runtime/USDCore/Content/Materials/WorldSpaceNormalsToTangentSpace.uasset" 599
"../../../Engine/Plugins/Runtime/USDCore/Content/Materials/WorldSpaceNormalsToTangentSpace.uexp" 600
"../../../Engine/Plugins/Runtime/USDCore/Content/Materials/UsdPreviewSurface.uasset" 601
"../../../Engine/Plugins/Runtime/USDCore/Content/Materials/UsdPreviewSurface.uexp" 602
"../../../Engine/Plugins/Runtime/USDCore/Content/Materials/UsdPreviewSurfaceTwoSided.uasset" 603
"../../../Engine/Plugins/Runtime/USDCore/Content/Materials/UsdPreviewSurfaceTwoSided.uexp" 604
"E:/unreal engine/TheErasTourRelive/Content/UsdAssets/MI_Material_001_TwoSided.uasset" 605
"E:/unreal engine/TheErasTourRelive/Content/UsdAssets/MI_Material_001_TwoSided.uexp" 606
"E:/unreal engine/TheErasTourRelive/Content/UsdAssets/SM_Cube_057.uasset" 607
"E:/unreal engine/TheErasTourRelive/Content/UsdAssets/SM_Cube_057.ubulk" 608
"E:/unreal engine/TheErasTourRelive/Content/UsdAssets/SM_Cube_057.uexp" 609
"E:/unreal engine/TheErasTourRelive/Content/LoverHouse/Cube_009.uasset" 610
"E:/unreal engine/TheErasTourRelive/Content/LoverHouse/Cube_009.ubulk" 611
"E:/unreal engine/TheErasTourRelive/Content/LoverHouse/Cube_009.uexp" 612
"E:/unreal engine/TheErasTourRelive/Content/UsdAssets/T_1989_room.uasset" 613
"E:/unreal engine/TheErasTourRelive/Content/UsdAssets/T_1989_room.uexp" 614
"E:/unreal engine/TheErasTourRelive/Content/UsdAssets/MI_Material_026_TwoSided.uasset" 615
"E:/unreal engine/TheErasTourRelive/Content/UsdAssets/MI_Material_026_TwoSided.uexp" 616
"E:/unreal engine/TheErasTourRelive/Content/UsdAssets/SM_Plane_008.uasset" 617
"E:/unreal engine/TheErasTourRelive/Content/UsdAssets/SM_Plane_008.ubulk" 618
"E:/unreal engine/TheErasTourRelive/Content/UsdAssets/SM_Plane_008.uexp" 619
"E:/unreal engine/TheErasTourRelive/Content/LoverHouse/Cube_040.uasset" 620
"E:/unreal engine/TheErasTourRelive/Content/LoverHouse/Cube_040.ubulk" 621
"E:/unreal engine/TheErasTourRelive/Content/LoverHouse/Cube_040.uexp" 622
"E:/unreal engine/TheErasTourRelive/Content/UsdAssets/MI_Material_012_TwoSided.uasset" 623
"E:/unreal engine/TheErasTourRelive/Content/UsdAssets/MI_Material_012_TwoSided.uexp" 624
"E:/unreal engine/TheErasTourRelive/Content/UsdAssets/SM_Cube_056.uasset" 625
"E:/unreal engine/TheErasTourRelive/Content/UsdAssets/SM_Cube_056.ubulk" 626
"E:/unreal engine/TheErasTourRelive/Content/UsdAssets/SM_Cube_056.uexp" 627
"E:/unreal engine/TheErasTourRelive/Content/UsdAssets/MI_Material_008_TwoSided.uasset" 628
"E:/unreal engine/TheErasTourRelive/Content/UsdAssets/MI_Material_008_TwoSided.uexp" 629
"E:/unreal engine/TheErasTourRelive/Content/UsdAssets/SM_Cylinder.uasset" 630
"E:/unreal engine/TheErasTourRelive/Content/UsdAssets/SM_Cylinder.ubulk" 631
"E:/unreal engine/TheErasTourRelive/Content/UsdAssets/SM_Cylinder.uexp" 632
"E:/unreal engine/TheErasTourRelive/Content/UsdAssets/SM_obj_1_House___black.uasset" 633
"E:/unreal engine/TheErasTourRelive/Content/UsdAssets/SM_obj_1_House___black.ubulk" 634
"E:/unreal engine/TheErasTourRelive/Content/UsdAssets/SM_obj_1_House___black.uexp" 635
"E:/unreal engine/TheErasTourRelive/Content/UsdAssets/MI_Material_TwoSided.uasset" 636
"E:/unreal engine/TheErasTourRelive/Content/UsdAssets/MI_Material_TwoSided.uexp" 637
"E:/unreal engine/TheErasTourRelive/Content/UsdAssets/SM_Cube_026.uasset" 638
"E:/unreal engine/TheErasTourRelive/Content/UsdAssets/SM_Cube_026.ubulk" 639
"E:/unreal engine/TheErasTourRelive/Content/UsdAssets/SM_Cube_026.uexp" 640
"E:/unreal engine/TheErasTourRelive/Content/UsdAssets/SM_Cube_055.uasset" 641
"E:/unreal engine/TheErasTourRelive/Content/UsdAssets/SM_Cube_055.ubulk" 642
"E:/unreal engine/TheErasTourRelive/Content/UsdAssets/SM_Cube_055.uexp" 643
"E:/unreal engine/TheErasTourRelive/Content/UsdAssets/SM_Sphere.uasset" 644
"E:/unreal engine/TheErasTourRelive/Content/UsdAssets/SM_Sphere.ubulk" 645
"E:/unreal engine/TheErasTourRelive/Content/UsdAssets/SM_Sphere.uexp" 646
"E:/unreal engine/TheErasTourRelive/Content/UsdAssets/MI_Material_003_TwoSided.uasset" 647
"E:/unreal engine/TheErasTourRelive/Content/UsdAssets/MI_Material_003_TwoSided.uexp" 648
"E:/unreal engine/TheErasTourRelive/Content/UsdAssets/SM_Cube_016.uasset" 649
"E:/unreal engine/TheErasTourRelive/Content/UsdAssets/SM_Cube_016.ubulk" 650
"E:/unreal engine/TheErasTourRelive/Content/UsdAssets/SM_Cube_016.uexp" 651
"E:/unreal engine/TheErasTourRelive/Content/LoverHouse/Cube_038.uasset" 652
"E:/unreal engine/TheErasTourRelive/Content/LoverHouse/Cube_038.ubulk" 653
"E:/unreal engine/TheErasTourRelive/Content/LoverHouse/Cube_038.uexp" 654
"E:/unreal engine/TheErasTourRelive/Content/UsdAssets/T_lover_room.uasset" 655
"E:/unreal engine/TheErasTourRelive/Content/UsdAssets/T_lover_room.uexp" 656
"E:/unreal engine/TheErasTourRelive/Content/UsdAssets/MI_Material_025_TwoSided.uasset" 657
"E:/unreal engine/TheErasTourRelive/Content/UsdAssets/MI_Material_025_TwoSided.uexp" 658
"E:/unreal engine/TheErasTourRelive/Content/UsdAssets/SM_Plane_009.uasset" 659
"E:/unreal engine/TheErasTourRelive/Content/UsdAssets/SM_Plane_009.ubulk" 660
"E:/unreal engine/TheErasTourRelive/Content/UsdAssets/SM_Plane_009.uexp" 661
"E:/unreal engine/TheErasTourRelive/Content/UsdAssets/MI_Material_004_TwoSided.uasset" 662
"E:/unreal engine/TheErasTourRelive/Content/UsdAssets/MI_Material_004_TwoSided.uexp" 663
"E:/unreal engine/TheErasTourRelive/Content/UsdAssets/SM_Cube_012.uasset" 664
"E:/unreal engine/TheErasTourRelive/Content/UsdAssets/SM_Cube_012.ubulk" 665
"E:/unreal engine/TheErasTourRelive/Content/UsdAssets/SM_Cube_012.uexp" 666
"E:/unreal engine/TheErasTourRelive/Content/LoverHouse/Cube_037.uasset" 667
"E:/unreal engine/TheErasTourRelive/Content/LoverHouse/Cube_037.ubulk" 668
"E:/unreal engine/TheErasTourRelive/Content/LoverHouse/Cube_037.uexp" 669
"E:/unreal engine/TheErasTourRelive/Content/UsdAssets/T_folklore_room.uasset" 670
"E:/unreal engine/TheErasTourRelive/Content/UsdAssets/T_folklore_room.uexp" 671
"E:/unreal engine/TheErasTourRelive/Content/UsdAssets/MI_Material_021_TwoSided.uasset" 672
"E:/unreal engine/TheErasTourRelive/Content/UsdAssets/MI_Material_021_TwoSided.uexp" 673
"E:/unreal engine/TheErasTourRelive/Content/UsdAssets/SM_Plane_006.uasset" 674
"E:/unreal engine/TheErasTourRelive/Content/UsdAssets/SM_Plane_006.ubulk" 675
"E:/unreal engine/TheErasTourRelive/Content/UsdAssets/SM_Plane_006.uexp" 676
"E:/unreal engine/TheErasTourRelive/Content/LoverHouse/Cube_030.uasset" 677
"E:/unreal engine/TheErasTourRelive/Content/LoverHouse/Cube_030.ubulk" 678
"E:/unreal engine/TheErasTourRelive/Content/LoverHouse/Cube_030.uexp" 679
"E:/unreal engine/TheErasTourRelive/Content/textures/snow_02_diff_4k.uasset" 680
"E:/unreal engine/TheErasTourRelive/Content/textures/snow_02_diff_4k.ubulk" 681
"E:/unreal engine/TheErasTourRelive/Content/textures/snow_02_diff_4k.uexp" 682
"E:/unreal engine/TheErasTourRelive/Content/textures/snow_02_nor_gl_4k.uasset" 683
"E:/unreal engine/TheErasTourRelive/Content/textures/snow_02_nor_gl_4k.ubulk" 684
"E:/unreal engine/TheErasTourRelive/Content/textures/snow_02_nor_gl_4k.uexp" 685
"E:/unreal engine/TheErasTourRelive/Content/textures/snow_02_diff_4k_Mat.uasset" 686
"E:/unreal engine/TheErasTourRelive/Content/textures/snow_02_diff_4k_Mat.uexp" 687
"E:/unreal engine/TheErasTourRelive/Content/LoverHouse/Cube_028.uasset" 688
"E:/unreal engine/TheErasTourRelive/Content/LoverHouse/Cube_028.ubulk" 689
"E:/unreal engine/TheErasTourRelive/Content/LoverHouse/Cube_028.uexp" 690
"E:/unreal engine/TheErasTourRelive/Content/LoverHouse/Cube_027.uasset" 691
"E:/unreal engine/TheErasTourRelive/Content/LoverHouse/Cube_027.ubulk" 692
"E:/unreal engine/TheErasTourRelive/Content/LoverHouse/Cube_027.uexp" 693
"E:/unreal engine/TheErasTourRelive/Content/LoverHouse/Cube_025.uasset" 694
"E:/unreal engine/TheErasTourRelive/Content/LoverHouse/Cube_025.ubulk" 695
"E:/unreal engine/TheErasTourRelive/Content/LoverHouse/Cube_025.uexp" 696
"E:/unreal engine/TheErasTourRelive/Content/textures/Snow.uasset" 697
"E:/unreal engine/TheErasTourRelive/Content/textures/Snow.uexp" 698
"E:/unreal engine/TheErasTourRelive/Content/LoverHouse/Cube_024.uasset" 699
"E:/unreal engine/TheErasTourRelive/Content/LoverHouse/Cube_024.ubulk" 700
"E:/unreal engine/TheErasTourRelive/Content/LoverHouse/Cube_024.uexp" 701
"../../../Engine/Plugins/Animation/ControlRig/Content/Controls/ControlRig_RoundedTriangle_solid.uasset" 702
"../../../Engine/Plugins/Animation/ControlRig/Content/Controls/ControlRig_RoundedTriangle_solid.ubulk" 703
"../../../Engine/Plugins/Animation/ControlRig/Content/Controls/ControlRig_RoundedTriangle_solid.uexp" 704
"E:/unreal engine/TheErasTourRelive/Content/LoverHouse/Cube_022.uasset" 705
"E:/unreal engine/TheErasTourRelive/Content/LoverHouse/Cube_022.ubulk" 706
"E:/unreal engine/TheErasTourRelive/Content/LoverHouse/Cube_022.uexp" 707
"../../../Engine/Plugins/Animation/ControlRig/Content/Controls/ControlRig_RoundedTriangle_3mm.uasset" 708
"../../../Engine/Plugins/Animation/ControlRig/Content/Controls/ControlRig_RoundedTriangle_3mm.ubulk" 709
"../../../Engine/Plugins/Animation/ControlRig/Content/Controls/ControlRig_RoundedTriangle_3mm.uexp" 710
"E:/unreal engine/TheErasTourRelive/Content/LoverHouse/Cube_006.uasset" 711
"E:/unreal engine/TheErasTourRelive/Content/LoverHouse/Cube_006.ubulk" 712
"E:/unreal engine/TheErasTourRelive/Content/LoverHouse/Cube_006.uexp" 713
"../../../Engine/Plugins/Animation/ControlRig/Content/Controls/ControlRig_RoundedTriangle_1mm.uasset" 714
"../../../Engine/Plugins/Animation/ControlRig/Content/Controls/ControlRig_RoundedTriangle_1mm.ubulk" 715
"../../../Engine/Plugins/Animation/ControlRig/Content/Controls/ControlRig_RoundedTriangle_1mm.uexp" 716
"E:/unreal engine/TheErasTourRelive/Content/LoverHouse/Cube_021.uasset" 717
"E:/unreal engine/TheErasTourRelive/Content/LoverHouse/Cube_021.ubulk" 718
"E:/unreal engine/TheErasTourRelive/Content/LoverHouse/Cube_021.uexp" 719
"E:/unreal engine/TheErasTourRelive/Content/LoverHouse/Material_027.uasset" 720
"E:/unreal engine/TheErasTourRelive/Content/LoverHouse/Material_027.uexp" 721
"E:/unreal engine/TheErasTourRelive/Content/LoverHouse/Plane_014.uasset" 722
"E:/unreal engine/TheErasTourRelive/Content/LoverHouse/Plane_014.ubulk" 723
"E:/unreal engine/TheErasTourRelive/Content/LoverHouse/Plane_014.uexp" 724
"E:/unreal engine/TheErasTourRelive/Content/LoverHouse/Cube_019.uasset" 725
"E:/unreal engine/TheErasTourRelive/Content/LoverHouse/Cube_019.ubulk" 726
"E:/unreal engine/TheErasTourRelive/Content/LoverHouse/Cube_019.uexp" 727
"../../../Engine/Plugins/Animation/ControlRig/Content/Controls/ControlRig_RoundedSquare_solid.uasset" 728
"../../../Engine/Plugins/Animation/ControlRig/Content/Controls/ControlRig_RoundedSquare_solid.ubulk" 729
"../../../Engine/Plugins/Animation/ControlRig/Content/Controls/ControlRig_RoundedSquare_solid.uexp" 730
"E:/unreal engine/TheErasTourRelive/Content/LoverHouse/reputation_room.uasset" 731
"E:/unreal engine/TheErasTourRelive/Content/LoverHouse/reputation_room.uexp" 732
"E:/unreal engine/TheErasTourRelive/Content/LoverHouse/Material_023.uasset" 733
"E:/unreal engine/TheErasTourRelive/Content/LoverHouse/Material_023.uexp" 734
"E:/unreal engine/TheErasTourRelive/Content/LoverHouse/Plane_011.uasset" 735
"E:/unreal engine/TheErasTourRelive/Content/LoverHouse/Plane_011.ubulk" 736
"E:/unreal engine/TheErasTourRelive/Content/LoverHouse/Plane_011.uexp" 737
"E:/unreal engine/TheErasTourRelive/Content/LoverHouse/Cube_018.uasset" 738
"E:/unreal engine/TheErasTourRelive/Content/LoverHouse/Cube_018.ubulk" 739
"E:/unreal engine/TheErasTourRelive/Content/LoverHouse/Cube_018.uexp" 740
"E:/unreal engine/TheErasTourRelive/Content/LoverHouse/folklore_room.uasset" 741
"E:/unreal engine/TheErasTourRelive/Content/LoverHouse/folklore_room.uexp" 742
"E:/unreal engine/TheErasTourRelive/Content/LoverHouse/Material_021.uasset" 743
"E:/unreal engine/TheErasTourRelive/Content/LoverHouse/Material_021.uexp" 744
"E:/unreal engine/TheErasTourRelive/Content/LoverHouse/Plane_007.uasset" 745
"E:/unreal engine/TheErasTourRelive/Content/LoverHouse/Plane_007.ubulk" 746
"E:/unreal engine/TheErasTourRelive/Content/LoverHouse/Plane_007.uexp" 747
"E:/unreal engine/TheErasTourRelive/Content/LoverHouse/Cube_016.uasset" 748
"E:/unreal engine/TheErasTourRelive/Content/LoverHouse/Cube_016.ubulk" 749
"E:/unreal engine/TheErasTourRelive/Content/LoverHouse/Cube_016.uexp" 750
"E:/unreal engine/TheErasTourRelive/Content/LoverHouse/midnights_room.uasset" 751
"E:/unreal engine/TheErasTourRelive/Content/LoverHouse/midnights_room.uexp" 752
"E:/unreal engine/TheErasTourRelive/Content/LoverHouse/Material_018.uasset" 753
"E:/unreal engine/TheErasTourRelive/Content/LoverHouse/Material_018.uexp" 754
"E:/unreal engine/TheErasTourRelive/Content/LoverHouse/Plane_004.uasset" 755
"E:/unreal engine/TheErasTourRelive/Content/LoverHouse/Plane_004.ubulk" 756
"E:/unreal engine/TheErasTourRelive/Content/LoverHouse/Plane_004.uexp" 757
"E:/unreal engine/TheErasTourRelive/Content/LoverHouse/Cube_015.uasset" 758
"E:/unreal engine/TheErasTourRelive/Content/LoverHouse/Cube_015.ubulk" 759
"E:/unreal engine/TheErasTourRelive/Content/LoverHouse/Cube_015.uexp" 760
"E:/unreal engine/TheErasTourRelive/Content/LoverHouse/debut_room.uasset" 761
"E:/unreal engine/TheErasTourRelive/Content/LoverHouse/debut_room.uexp" 762
"E:/unreal engine/TheErasTourRelive/Content/LoverHouse/Material_002.uasset" 763
"E:/unreal engine/TheErasTourRelive/Content/LoverHouse/Material_002.uexp" 764
"E:/unreal engine/TheErasTourRelive/Content/LoverHouse/Plane.uasset" 765
"E:/unreal engine/TheErasTourRelive/Content/LoverHouse/Plane.ubulk" 766
"E:/unreal engine/TheErasTourRelive/Content/LoverHouse/Plane.uexp" 767
"E:/unreal engine/TheErasTourRelive/Content/LoverHouse/Cube_013.uasset" 768
"E:/unreal engine/TheErasTourRelive/Content/LoverHouse/Cube_013.ubulk" 769
"E:/unreal engine/TheErasTourRelive/Content/LoverHouse/Cube_013.uexp" 770
"E:/unreal engine/TheErasTourRelive/Content/LoverHouse/Cube_012.uasset" 771
"E:/unreal engine/TheErasTourRelive/Content/LoverHouse/Cube_012.ubulk" 772
"E:/unreal engine/TheErasTourRelive/Content/LoverHouse/Cube_012.uexp" 773
"E:/unreal engine/TheErasTourRelive/Content/LoverHouse/Cylinder.uasset" 774
"E:/unreal engine/TheErasTourRelive/Content/LoverHouse/Cylinder.ubulk" 775
"E:/unreal engine/TheErasTourRelive/Content/LoverHouse/Cylinder.uexp" 776
"E:/unreal engine/TheErasTourRelive/Content/LoverHouse/Cube_010.uasset" 777
"E:/unreal engine/TheErasTourRelive/Content/LoverHouse/Cube_010.ubulk" 778
"E:/unreal engine/TheErasTourRelive/Content/LoverHouse/Cube_010.uexp" 779
"../../../Engine/Plugins/Animation/ControlRig/Content/Controls/ControlRig_RoundedSquare_3mm.uasset" 780
"../../../Engine/Plugins/Animation/ControlRig/Content/Controls/ControlRig_RoundedSquare_3mm.ubulk" 781
"../../../Engine/Plugins/Animation/ControlRig/Content/Controls/ControlRig_RoundedSquare_3mm.uexp" 782
"E:/unreal engine/TheErasTourRelive/Content/LoverHouse/Cube_067.uasset" 783
"E:/unreal engine/TheErasTourRelive/Content/LoverHouse/Cube_067.ubulk" 784
"E:/unreal engine/TheErasTourRelive/Content/LoverHouse/Cube_067.uexp" 785
"../../../Engine/Content/Functions/Engine_MaterialFunctions02/WorldPositionOffset/ObjectScale.uasset" 786
"../../../Engine/Content/Functions/Engine_MaterialFunctions02/WorldPositionOffset/ObjectScale.uexp" 787
"../../../Engine/Content/Functions/Engine_MaterialFunctions02/Utility/BreakOutFloat3Components.uasset" 788
"../../../Engine/Content/Functions/Engine_MaterialFunctions02/Utility/BreakOutFloat3Components.uexp" 789
"../../../Engine/Plugins/Editor/SpeedTreeImporter/Content/SpeedTree9/Empty.uasset" 790
"../../../Engine/Plugins/Editor/SpeedTreeImporter/Content/SpeedTree9/Empty.uexp" 791
"../../../Engine/Plugins/Editor/SpeedTreeImporter/Content/SpeedTree9/EmptyNormal.uasset" 792
"../../../Engine/Plugins/Editor/SpeedTreeImporter/Content/SpeedTree9/EmptyNormal.uexp" 793
"../../../Engine/Plugins/Editor/SpeedTreeImporter/Content/SpeedTree9/game_wind_noise.uasset" 794
"../../../Engine/Plugins/Editor/SpeedTreeImporter/Content/SpeedTree9/game_wind_noise.ubulk" 795
"../../../Engine/Plugins/Editor/SpeedTreeImporter/Content/SpeedTree9/game_wind_noise.uexp" 796
"../../../Engine/Content/Functions/Engine_MaterialFunctions02/SafeNormalize.uasset" 797
"../../../Engine/Content/Functions/Engine_MaterialFunctions02/SafeNormalize.uexp" 798
"../../../Engine/Plugins/Editor/SpeedTreeImporter/Content/SpeedTree9/SpeedTreeWindMotion.uasset" 799
"../../../Engine/Plugins/Editor/SpeedTreeImporter/Content/SpeedTree9/SpeedTreeWindMotion.uexp" 800
"../../../Engine/Plugins/Editor/SpeedTreeImporter/Content/SpeedTree9/UnpackDirection.uasset" 801
"../../../Engine/Plugins/Editor/SpeedTreeImporter/Content/SpeedTree9/UnpackDirection.uexp" 802
"../../../Engine/Plugins/Editor/SpeedTreeImporter/Content/SpeedTree9/UnpackInteger3.uasset" 803
"../../../Engine/Plugins/Editor/SpeedTreeImporter/Content/SpeedTree9/UnpackInteger3.uexp" 804
"../../../Engine/Plugins/Editor/SpeedTreeImporter/Content/SpeedTree9/SpeedTreeBranchMotion.uasset" 805
"../../../Engine/Plugins/Editor/SpeedTreeImporter/Content/SpeedTree9/SpeedTreeBranchMotion.uexp" 806
"../../../Engine/Content/Functions/Engine_MaterialFunctions02/ObjectLocalBounds.uasset" 807
"../../../Engine/Content/Functions/Engine_MaterialFunctions02/ObjectLocalBounds.uexp" 808
"../../../Engine/Content/Functions/Engine_MaterialFunctions02/UVs/BoundingBoxBased_0-1_UVW.uasset" 809
"../../../Engine/Content/Functions/Engine_MaterialFunctions02/UVs/BoundingBoxBased_0-1_UVW.uexp" 810
"../../../Engine/Plugins/Editor/SpeedTreeImporter/Content/SpeedTree9/SpeedTreeWind.uasset" 811
"../../../Engine/Plugins/Editor/SpeedTreeImporter/Content/SpeedTree9/SpeedTreeWind.uexp" 812
"../../../Engine/Plugins/Editor/SpeedTreeImporter/Content/SpeedTree9/SpeedTreeCameraFacing.uasset" 813
"../../../Engine/Plugins/Editor/SpeedTreeImporter/Content/SpeedTree9/SpeedTreeCameraFacing.uexp" 814
"../../../Engine/Plugins/Editor/SpeedTreeImporter/Content/SpeedTree9/SpeedTreeMaster.uasset" 815
"../../../Engine/Plugins/Editor/SpeedTreeImporter/Content/SpeedTree9/SpeedTreeMaster.uexp" 816
"E:/unreal engine/TheErasTourRelive/Content/LoverHouse/Cube_007.uasset" 817
"E:/unreal engine/TheErasTourRelive/Content/LoverHouse/Cube_007.ubulk" 818
"E:/unreal engine/TheErasTourRelive/Content/LoverHouse/Cube_007.uexp" 819
"../../../Engine/Plugins/Animation/ControlRig/Content/Controls/ControlRig_RoundedSquare_1mm.uasset" 820
"../../../Engine/Plugins/Animation/ControlRig/Content/Controls/ControlRig_RoundedSquare_1mm.ubulk" 821
"../../../Engine/Plugins/Animation/ControlRig/Content/Controls/ControlRig_RoundedSquare_1mm.uexp" 822
"E:/unreal engine/TheErasTourRelive/Content/LoverHouse/Cube_064.uasset" 823
"E:/unreal engine/TheErasTourRelive/Content/LoverHouse/Cube_064.ubulk" 824
"E:/unreal engine/TheErasTourRelive/Content/LoverHouse/Cube_064.uexp" 825
"../../../Engine/Plugins/Editor/SpeedTreeImporter/Content/SpeedTree9/SpeedTreeBillboard.uasset" 826
"../../../Engine/Plugins/Editor/SpeedTreeImporter/Content/SpeedTree9/SpeedTreeBillboard.uexp" 827
"../../../Engine/Plugins/Editor/SpeedTreeImporter/Content/SpeedTree9/SpeedTreeBillboardMaster.uasset" 828
"../../../Engine/Plugins/Editor/SpeedTreeImporter/Content/SpeedTree9/SpeedTreeBillboardMaster.uexp" 829
"../../../Engine/Plugins/Animation/ControlRig/Content/Controls/ControlRig_QuarterCircle_solid.uasset" 830
"../../../Engine/Plugins/Animation/ControlRig/Content/Controls/ControlRig_QuarterCircle_solid.ubulk" 831
"../../../Engine/Plugins/Animation/ControlRig/Content/Controls/ControlRig_QuarterCircle_solid.uexp" 832
"E:/unreal engine/TheErasTourRelive/Content/LoverHouse/Cube_004.uasset" 833
"E:/unreal engine/TheErasTourRelive/Content/LoverHouse/Cube_004.ubulk" 834
"E:/unreal engine/TheErasTourRelive/Content/LoverHouse/Cube_004.uexp" 835
"E:/unreal engine/TheErasTourRelive/Content/LoverHouse/Cube_061.uasset" 836
"E:/unreal engine/TheErasTourRelive/Content/LoverHouse/Cube_061.ubulk" 837
"E:/unreal engine/TheErasTourRelive/Content/LoverHouse/Cube_061.uexp" 838
"../../../Engine/Plugins/Animation/ControlRig/Content/Controls/ControlRig_QuarterCircle_3mm.uasset" 839
"../../../Engine/Plugins/Animation/ControlRig/Content/Controls/ControlRig_QuarterCircle_3mm.ubulk" 840
"../../../Engine/Plugins/Animation/ControlRig/Content/Controls/ControlRig_QuarterCircle_3mm.uexp" 841
"E:/unreal engine/TheErasTourRelive/Content/LoverHouse/Cube_003.uasset" 842
"E:/unreal engine/TheErasTourRelive/Content/LoverHouse/Cube_003.ubulk" 843
"E:/unreal engine/TheErasTourRelive/Content/LoverHouse/Cube_003.uexp" 844
"E:/unreal engine/TheErasTourRelive/Content/LoverHouse/Cube_058.uasset" 845
"E:/unreal engine/TheErasTourRelive/Content/LoverHouse/Cube_058.ubulk" 846
"E:/unreal engine/TheErasTourRelive/Content/LoverHouse/Cube_058.uexp" 847
"../../../Engine/Plugins/Animation/ControlRig/Content/Controls/ControlRig_QuarterCircle_1mm.uasset" 848
"../../../Engine/Plugins/Animation/ControlRig/Content/Controls/ControlRig_QuarterCircle_1mm.ubulk" 849
"../../../Engine/Plugins/Animation/ControlRig/Content/Controls/ControlRig_QuarterCircle_1mm.uexp" 850
"E:/unreal engine/TheErasTourRelive/Content/LoverHouse/Cube_001.uasset" 851
"E:/unreal engine/TheErasTourRelive/Content/LoverHouse/Cube_001.ubulk" 852
"E:/unreal engine/TheErasTourRelive/Content/LoverHouse/Cube_001.uexp" 853
"E:/unreal engine/TheErasTourRelive/Content/LoverHouse/Cube_054.uasset" 854
"E:/unreal engine/TheErasTourRelive/Content/LoverHouse/Cube_054.ubulk" 855
"E:/unreal engine/TheErasTourRelive/Content/LoverHouse/Cube_054.uexp" 856
"../../../Engine/Plugins/Animation/ControlRig/Content/Controls/ControlRig_Pyramid_solid.uasset" 857
"../../../Engine/Plugins/Animation/ControlRig/Content/Controls/ControlRig_Pyramid_solid.ubulk" 858
"../../../Engine/Plugins/Animation/ControlRig/Content/Controls/ControlRig_Pyramid_solid.uexp" 859
"E:/unreal engine/TheErasTourRelive/Content/LoverHouse/Cube.uasset" 860
"E:/unreal engine/TheErasTourRelive/Content/LoverHouse/Cube.ubulk" 861
"E:/unreal engine/TheErasTourRelive/Content/LoverHouse/Cube.uexp" 862
"../../../Engine/Plugins/Animation/ControlRig/Content/Controls/ControlRig_Pyramid_3mm.uasset" 863
"../../../Engine/Plugins/Animation/ControlRig/Content/Controls/ControlRig_Pyramid_3mm.ubulk" 864
"../../../Engine/Plugins/Animation/ControlRig/Content/Controls/ControlRig_Pyramid_3mm.uexp" 865
"../../../Engine/Plugins/Animation/ControlRig/Content/Controls/ControlRig_Pyramid_1mm.uasset" 866
"../../../Engine/Plugins/Animation/ControlRig/Content/Controls/ControlRig_Pyramid_1mm.ubulk" 867
"../../../Engine/Plugins/Animation/ControlRig/Content/Controls/ControlRig_Pyramid_1mm.uexp" 868
"../../../Engine/Plugins/Animation/ControlRig/Content/Controls/ControlRig_Octagon_solid.uasset" 869
"../../../Engine/Plugins/Animation/ControlRig/Content/Controls/ControlRig_Octagon_solid.ubulk" 870
"../../../Engine/Plugins/Animation/ControlRig/Content/Controls/ControlRig_Octagon_solid.uexp" 871
"../../../Engine/Plugins/Animation/ControlRig/Content/Controls/ControlRig_Octagon_3mm.uasset" 872
"../../../Engine/Plugins/Animation/ControlRig/Content/Controls/ControlRig_Octagon_3mm.ubulk" 873
"../../../Engine/Plugins/Animation/ControlRig/Content/Controls/ControlRig_Octagon_3mm.uexp" 874
"../../../Engine/Plugins/Animation/ControlRig/Content/Controls/ControlRig_Octagon_1mm.uasset" 875
"../../../Engine/Plugins/Animation/ControlRig/Content/Controls/ControlRig_Octagon_1mm.ubulk" 876
"../../../Engine/Plugins/Animation/ControlRig/Content/Controls/ControlRig_Octagon_1mm.uexp" 877
"../../../Engine/Plugins/Animation/ControlRig/Content/Controls/ControlRig_Hexagon_solid.uasset" 878
"../../../Engine/Plugins/Animation/ControlRig/Content/Controls/ControlRig_Hexagon_solid.ubulk" 879
"../../../Engine/Plugins/Animation/ControlRig/Content/Controls/ControlRig_Hexagon_solid.uexp" 880
"../../../Engine/Content/EditorMaterials/PreviewShadowIndicator.uasset" 881
"../../../Engine/Content/EditorMaterials/PreviewShadowIndicator.ubulk" 882
"../../../Engine/Content/EditorMaterials/PreviewShadowIndicator.uexp" 883
"../../../Engine/Content/EditorMaterials/PreviewShadowIndicatorMaterial.uasset" 884
"../../../Engine/Content/EditorMaterials/PreviewShadowIndicatorMaterial.uexp" 885
"../../../Engine/Content/EditorMaterials/PhAT_UnselectedMaterial.uasset" 886
"../../../Engine/Content/EditorMaterials/PhAT_UnselectedMaterial.uexp" 887
"../../../Engine/Plugins/Animation/ControlRig/Content/Controls/ControlRig_Hexagon_3mm.uasset" 888
"../../../Engine/Plugins/Animation/ControlRig/Content/Controls/ControlRig_Hexagon_3mm.ubulk" 889
"../../../Engine/Plugins/Animation/ControlRig/Content/Controls/ControlRig_Hexagon_3mm.uexp" 890
"../../../Engine/Content/EditorMaterials/PhAT_NoCollisionMaterial.uasset" 891
"../../../Engine/Content/EditorMaterials/PhAT_NoCollisionMaterial.uexp" 892
"../../../Engine/Plugins/Animation/ControlRig/Content/Controls/ControlRig_Hexagon_1mm.uasset" 893
"../../../Engine/Plugins/Animation/ControlRig/Content/Controls/ControlRig_Hexagon_1mm.ubulk" 894
"../../../Engine/Plugins/Animation/ControlRig/Content/Controls/ControlRig_Hexagon_1mm.uexp" 895
"../../../Engine/Plugins/Animation/ControlRig/Content/Controls/ControlRig_HalfCircle_solid.uasset" 896
"../../../Engine/Plugins/Animation/ControlRig/Content/Controls/ControlRig_HalfCircle_solid.ubulk" 897
"../../../Engine/Plugins/Animation/ControlRig/Content/Controls/ControlRig_HalfCircle_solid.uexp" 898
"../../../Engine/Plugins/Animation/ControlRig/Content/Controls/ControlRig_HalfCircle_3mm.uasset" 899
"../../../Engine/Plugins/Animation/ControlRig/Content/Controls/ControlRig_HalfCircle_3mm.ubulk" 900
"../../../Engine/Plugins/Animation/ControlRig/Content/Controls/ControlRig_HalfCircle_3mm.uexp" 901
"../../../Engine/Plugins/Animation/ControlRig/Content/Controls/ControlRig_HalfCircle_1mm.uasset" 902
"../../../Engine/Plugins/Animation/ControlRig/Content/Controls/ControlRig_HalfCircle_1mm.ubulk" 903
"../../../Engine/Plugins/Animation/ControlRig/Content/Controls/ControlRig_HalfCircle_1mm.uexp" 904
"../../../Engine/Plugins/Animation/ControlRig/Content/Controls/ControlRig_Diamond_solid.uasset" 905
"../../../Engine/Plugins/Animation/ControlRig/Content/Controls/ControlRig_Diamond_solid.ubulk" 906
"../../../Engine/Plugins/Animation/ControlRig/Content/Controls/ControlRig_Diamond_solid.uexp" 907
"../../../Engine/Plugins/Animation/ControlRig/Content/Controls/ControlRig_Diamond_3mm.uasset" 908
"../../../Engine/Plugins/Animation/ControlRig/Content/Controls/ControlRig_Diamond_3mm.ubulk" 909
"../../../Engine/Plugins/Animation/ControlRig/Content/Controls/ControlRig_Diamond_3mm.uexp" 910
"../../../Engine/Plugins/Animation/ControlRig/Content/Controls/ControlRig_Diamond_1mm.uasset" 911
"../../../Engine/Plugins/Animation/ControlRig/Content/Controls/ControlRig_Diamond_1mm.ubulk" 912
"../../../Engine/Plugins/Animation/ControlRig/Content/Controls/ControlRig_Diamond_1mm.uexp" 913
"../../../Engine/Plugins/Animation/ControlRig/Content/Controls/ControlRig_Circle_solid.uasset" 914
"../../../Engine/Plugins/Animation/ControlRig/Content/Controls/ControlRig_Circle_solid.ubulk" 915
"../../../Engine/Plugins/Animation/ControlRig/Content/Controls/ControlRig_Circle_solid.uexp" 916
"../../../Engine/Plugins/Animation/ControlRig/Content/Controls/ControlRig_Circle_3mm.uasset" 917
"../../../Engine/Plugins/Animation/ControlRig/Content/Controls/ControlRig_Circle_3mm.ubulk" 918
"../../../Engine/Plugins/Animation/ControlRig/Content/Controls/ControlRig_Circle_3mm.uexp" 919
"../../../Engine/Plugins/Animation/ControlRig/Content/Controls/ControlRig_Circle_1mm.uasset" 920
"../../../Engine/Plugins/Animation/ControlRig/Content/Controls/ControlRig_Circle_1mm.ubulk" 921
"../../../Engine/Plugins/Animation/ControlRig/Content/Controls/ControlRig_Circle_1mm.uexp" 922
"../../../Engine/Plugins/Animation/ControlRig/Content/Controls/ControlRig_Box_solid.uasset" 923
"../../../Engine/Plugins/Animation/ControlRig/Content/Controls/ControlRig_Box_solid.ubulk" 924
"../../../Engine/Plugins/Animation/ControlRig/Content/Controls/ControlRig_Box_solid.uexp" 925
"../../../Engine/Plugins/Animation/ControlRig/Content/Controls/ControlRig_Box_3mm.uasset" 926
"../../../Engine/Plugins/Animation/ControlRig/Content/Controls/ControlRig_Box_3mm.ubulk" 927
"../../../Engine/Plugins/Animation/ControlRig/Content/Controls/ControlRig_Box_3mm.uexp" 928
"../../../Engine/Plugins/Animation/ControlRig/Content/Controls/ControlRig_Box_1mm.uasset" 929
"../../../Engine/Plugins/Animation/ControlRig/Content/Controls/ControlRig_Box_1mm.ubulk" 930
"../../../Engine/Plugins/Animation/ControlRig/Content/Controls/ControlRig_Box_1mm.uexp" 931
"../../../Engine/Plugins/Animation/ControlRig/Content/Controls/ControlRig_Arrow_solid.uasset" 932
"../../../Engine/Plugins/Animation/ControlRig/Content/Controls/ControlRig_Arrow_solid.ubulk" 933
"../../../Engine/Plugins/Animation/ControlRig/Content/Controls/ControlRig_Arrow_solid.uexp" 934
"../../../Engine/Plugins/Animation/ControlRig/Content/Controls/ControlRig_Arrow_3mm.uasset" 935
"../../../Engine/Plugins/Animation/ControlRig/Content/Controls/ControlRig_Arrow_3mm.ubulk" 936
"../../../Engine/Plugins/Animation/ControlRig/Content/Controls/ControlRig_Arrow_3mm.uexp" 937
"../../../Engine/Content/EditorLandscapeResources/SplineEditorMeshMat.uasset" 938
"../../../Engine/Content/EditorLandscapeResources/SplineEditorMeshMat.uexp" 939
"../../../Engine/Content/EditorLandscapeResources/SplineEditorMesh.uasset" 940
"../../../Engine/Content/EditorLandscapeResources/SplineEditorMesh.ubulk" 941
"../../../Engine/Content/EditorLandscapeResources/SplineEditorMesh.uexp" 942
"../../../Engine/Plugins/Animation/ControlRig/Content/Controls/ControlRig_Arrow_1mm.uasset" 943
"../../../Engine/Plugins/Animation/ControlRig/Content/Controls/ControlRig_Arrow_1mm.ubulk" 944
"../../../Engine/Plugins/Animation/ControlRig/Content/Controls/ControlRig_Arrow_1mm.uexp" 945
"../../../Engine/Plugins/Animation/ControlRig/Content/Controls/ControlRig_Arrow4_solid.uasset" 946
"../../../Engine/Plugins/Animation/ControlRig/Content/Controls/ControlRig_Arrow4_solid.ubulk" 947
"../../../Engine/Plugins/Animation/ControlRig/Content/Controls/ControlRig_Arrow4_solid.uexp" 948
"../../../Engine/Plugins/Animation/ControlRig/Content/Controls/ControlRig_Arrow4_3mm.uasset" 949
"../../../Engine/Plugins/Animation/ControlRig/Content/Controls/ControlRig_Arrow4_3mm.ubulk" 950
"../../../Engine/Plugins/Animation/ControlRig/Content/Controls/ControlRig_Arrow4_3mm.uexp" 951
"../../../Engine/Content/EditorLandscapeResources/LayerVisMaterial.uasset" 952
"../../../Engine/Content/EditorLandscapeResources/LayerVisMaterial.uexp" 953
"../../../Engine/Plugins/Animation/ControlRig/Content/Controls/ControlRig_Arrow4_1mm.uasset" 954
"../../../Engine/Plugins/Animation/ControlRig/Content/Controls/ControlRig_Arrow4_1mm.ubulk" 955
"../../../Engine/Plugins/Animation/ControlRig/Content/Controls/ControlRig_Arrow4_1mm.uexp" 956
"../../../Engine/Content/EngineMaterials/DefaultDiffuse.uasset" 957
"../../../Engine/Content/EngineMaterials/DefaultDiffuse.ubulk" 958
"../../../Engine/Content/EngineMaterials/DefaultDiffuse.uexp" 959
"../../../Engine/Content/Functions/Engine_MaterialFunctions01/Texturing/TextureCropping.uasset" 960
"../../../Engine/Content/Functions/Engine_MaterialFunctions01/Texturing/TextureCropping.uexp" 961
"../../../Engine/Content/Functions/Engine_MaterialFunctions02/ExampleContent/DebugNumberStrip.uasset" 962
"../../../Engine/Content/Functions/Engine_MaterialFunctions02/ExampleContent/DebugNumberStrip.uexp" 963
"../../../Engine/Content/Functions/Engine_MaterialFunctions01/Debug/DebugIntValues.uasset" 964
"../../../Engine/Content/Functions/Engine_MaterialFunctions01/Debug/DebugIntValues.uexp" 965
"../../../Engine/Content/Functions/Engine_MaterialFunctions02/Utility/BreakOutFloat2Components.uasset" 966
"../../../Engine/Content/Functions/Engine_MaterialFunctions02/Utility/BreakOutFloat2Components.uexp" 967
"../../../Engine/Content/Functions/Engine_MaterialFunctions01/Texturing/ScaleUVsByCenter.uasset" 968
"../../../Engine/Content/Functions/Engine_MaterialFunctions01/Texturing/ScaleUVsByCenter.uexp" 969
"../../../Engine/Content/Functions/Engine_MaterialFunctions02/WorldPositionOffset/LocalPosition.uasset" 970
"../../../Engine/Content/Functions/Engine_MaterialFunctions02/WorldPositionOffset/LocalPosition.uexp" 971
"../../../Engine/Content/EditorLandscapeResources/LandscapeLayerUsageMaterial.uasset" 972
"../../../Engine/Content/EditorLandscapeResources/LandscapeLayerUsageMaterial.uexp" 973
"../../../Engine/Plugins/Animation/ControlRig/Content/Controls/ControlRig_Arrow2_solid.uasset" 974
"../../../Engine/Plugins/Animation/ControlRig/Content/Controls/ControlRig_Arrow2_solid.ubulk" 975
"../../../Engine/Plugins/Animation/ControlRig/Content/Controls/ControlRig_Arrow2_solid.uexp" 976
"../../../Engine/Plugins/Animation/ControlRig/Content/Controls/ControlRig_Arrow2_3mm.uasset" 977
"../../../Engine/Plugins/Animation/ControlRig/Content/Controls/ControlRig_Arrow2_3mm.ubulk" 978
"../../../Engine/Plugins/Animation/ControlRig/Content/Controls/ControlRig_Arrow2_3mm.uexp" 979
"../../../Engine/Plugins/Animation/ControlRig/Content/Controls/ControlRig_Arrow2_1mm.uasset" 980
"../../../Engine/Plugins/Animation/ControlRig/Content/Controls/ControlRig_Arrow2_1mm.ubulk" 981
"../../../Engine/Plugins/Animation/ControlRig/Content/Controls/ControlRig_Arrow2_1mm.uexp" 982
"../../../Engine/Content/EditorLandscapeResources/DefaultAlphaTexture.uasset" 983
"../../../Engine/Content/EditorLandscapeResources/DefaultAlphaTexture.uexp" 984
"../../../Engine/Content/EditorLandscapeResources/LandscapeDirtyMaterial.uasset" 985
"../../../Engine/Content/EditorLandscapeResources/LandscapeDirtyMaterial.uexp" 986
"../../../Engine/Plugins/Animation/ControlRig/Content/Controls/ControlRigXRayMaterial.uasset" 987
"../../../Engine/Plugins/Animation/ControlRig/Content/Controls/ControlRigXRayMaterial.uexp" 988
"../../../Engine/Plugins/Animation/ControlRig/Content/Controls/ControlRigGizmoMaterial.uasset" 989
"../../../Engine/Plugins/Animation/ControlRig/Content/Controls/ControlRigGizmoMaterial.uexp" 990
"../../../Engine/Content/EngineResources/Black.uasset" 991
"../../../Engine/Content/EngineResources/Black.uexp" 992
"../../../Engine/Content/Functions/Engine_MaterialFunctions02/WorldPositionOffset/ComponentPivotLocation.uasset" 993
"../../../Engine/Content/Functions/Engine_MaterialFunctions02/WorldPositionOffset/ComponentPivotLocation.uexp" 994
"../../../Engine/Content/Functions/Engine_MaterialFunctions02/WorldPositionOffset/Sprite.uasset" 995
"../../../Engine/Content/Functions/Engine_MaterialFunctions02/WorldPositionOffset/Sprite.uexp" 996
"../../../Engine/Content/Functions/Engine_MaterialFunctions01/Vectors/UnitVectorToOctahedron.uasset" 997
"../../../Engine/Content/Functions/Engine_MaterialFunctions01/Vectors/UnitVectorToOctahedron.uexp" 998
"../../../Engine/Content/Functions/Engine_MaterialFunctions01/Texturing/ComputeMipLevel.uasset" 999
"../../../Engine/Content/Functions/Engine_MaterialFunctions01/Texturing/ComputeMipLevel.uexp" 1000
"../../../Engine/Content/Functions/Engine_MaterialFunctions02/ExampleContent/Textures/DebugNumberPeriod.uasset" 1001
"../../../Engine/Content/Functions/Engine_MaterialFunctions02/ExampleContent/Textures/DebugNumberPeriod.uexp" 1002
"../../../Engine/Content/Functions/Engine_MaterialFunctions02/Utility/DebugScalarValues.uasset" 1003
"../../../Engine/Content/Functions/Engine_MaterialFunctions02/Utility/DebugScalarValues.uexp" 1004
"../../../Engine/Content/Functions/Engine_MaterialFunctions02/Utility/DebugFloat2Values.uasset" 1005
"../../../Engine/Content/Functions/Engine_MaterialFunctions02/Utility/DebugFloat2Values.uexp" 1006
"../../../Engine/Content/Functions/Engine_MaterialFunctions01/WorldPositionOffset/SimpleGrassWind.uasset" 1007
"../../../Engine/Content/Functions/Engine_MaterialFunctions01/WorldPositionOffset/SimpleGrassWind.uexp" 1008
"../../../Engine/Content/Functions/Engine_MaterialFunctions02/WorldPositionOffset/ObjectPivotPoint.uasset" 1009
"../../../Engine/Content/Functions/Engine_MaterialFunctions02/WorldPositionOffset/ObjectPivotPoint.uexp" 1010
"E:/unreal engine/TheErasTourRelive/Content/MSPresets/MS_Foliage_Material/MaterialParameterCollection/MPC_GlobalFoliageActor.uasset" 1011
"E:/unreal engine/TheErasTourRelive/Content/MSPresets/MS_Foliage_Material/MaterialParameterCollection/MPC_GlobalFoliageActor.uexp" 1012
"../../../Engine/Content/Functions/Engine_MaterialFunctions01/Gradient/LinearGradient.uasset" 1013
"../../../Engine/Content/Functions/Engine_MaterialFunctions01/Gradient/LinearGradient.uexp" 1014
"../../../Engine/Content/Functions/Engine_MaterialFunctions01/ImageAdjustment/3ColorBlend.uasset" 1015
"../../../Engine/Content/Functions/Engine_MaterialFunctions01/ImageAdjustment/3ColorBlend.uexp" 1016
"../../../Engine/Content/Functions/Engine_MaterialFunctions02/ExampleContent/Textures/WindTurblenceVectorAndGustMagnitude.uasset" 1017
"../../../Engine/Content/Functions/Engine_MaterialFunctions02/ExampleContent/Textures/WindTurblenceVectorAndGustMagnitude.uexp" 1018
"E:/unreal engine/TheErasTourRelive/Content/MSPresets/MS_Foliage_Material/MaterialFunctions/Textures/T_WindNoise.uasset" 1019
"E:/unreal engine/TheErasTourRelive/Content/MSPresets/MS_Foliage_Material/MaterialFunctions/Textures/T_WindNoise.ubulk" 1020
"E:/unreal engine/TheErasTourRelive/Content/MSPresets/MS_Foliage_Material/MaterialFunctions/Textures/T_WindNoise.uexp" 1021
"E:/unreal engine/TheErasTourRelive/Content/MSPresets/MS_Foliage_Material/MaterialFunctions/Foliage/MF_WindGust.uasset" 1022
"E:/unreal engine/TheErasTourRelive/Content/MSPresets/MS_Foliage_Material/MaterialFunctions/Foliage/MF_WindGust.uexp" 1023
"E:/unreal engine/TheErasTourRelive/Content/MSPresets/MS_Foliage_Material/MaterialFunctions/Foliage/MF_SimpleWind.uasset" 1024
"E:/unreal engine/TheErasTourRelive/Content/MSPresets/MS_Foliage_Material/MaterialFunctions/Foliage/MF_SimpleWind.uexp" 1025
"../../../Engine/Content/EngineMaterials/BlendFunc_DefBase.uasset" 1026
"../../../Engine/Content/EngineMaterials/BlendFunc_DefBase.uexp" 1027
"../../../Engine/Content/EngineMaterials/BlendFunc_DefBlend.uasset" 1028
"../../../Engine/Content/EngineMaterials/BlendFunc_DefBlend.uexp" 1029
"../../../Engine/Content/Functions/Engine_MaterialFunctions03/Blends/Blend_Overlay.uasset" 1030
"../../../Engine/Content/Functions/Engine_MaterialFunctions03/Blends/Blend_Overlay.uexp" 1031
"E:/unreal engine/TheErasTourRelive/Content/MSPresets/MS_Foliage_Material/MaterialFunctions/Foliage/MF_adjustBaseColor.uasset" 1032
"E:/unreal engine/TheErasTourRelive/Content/MSPresets/MS_Foliage_Material/MaterialFunctions/Foliage/MF_adjustBaseColor.uexp" 1033
"E:/unreal engine/TheErasTourRelive/Content/MSPresets/MS_Foliage_Material/MaterialFunctions/Foliage/MF_generateTranslucency.uasset" 1034
"E:/unreal engine/TheErasTourRelive/Content/MSPresets/MS_Foliage_Material/MaterialFunctions/Foliage/MF_generateTranslucency.uexp" 1035
"../../../Engine/Content/Functions/Engine_MaterialFunctions03/Blends/Blend_LinearDodge.uasset" 1036
"../../../Engine/Content/Functions/Engine_MaterialFunctions03/Blends/Blend_LinearDodge.uexp" 1037
"E:/unreal engine/TheErasTourRelive/Content/MSPresets/MS_Foliage_Material/MaterialFunctions/Foliage/MF_GenerateBranchMask.uasset" 1038
"E:/unreal engine/TheErasTourRelive/Content/MSPresets/MS_Foliage_Material/MaterialFunctions/Foliage/MF_GenerateBranchMask.uexp" 1039
"E:/unreal engine/TheErasTourRelive/Content/MSPresets/MS_Foliage_Material/MaterialFunctions/Foliage/MF_HealthSeason.uasset" 1040
"E:/unreal engine/TheErasTourRelive/Content/MSPresets/MS_Foliage_Material/MaterialFunctions/Foliage/MF_HealthSeason.uexp" 1041
"../../../Engine/Content/MaterialTemplates/Textures/T_Noise01.uasset" 1042
"../../../Engine/Content/MaterialTemplates/Textures/T_Noise01.ubulk" 1043
"../../../Engine/Content/MaterialTemplates/Textures/T_Noise01.uexp" 1044
"E:/unreal engine/TheErasTourRelive/Content/MSPresets/MS_Foliage_Material/MaterialFunctions/Foliage/MF_WorldspaceColorVariation.uasset" 1045
"E:/unreal engine/TheErasTourRelive/Content/MSPresets/MS_Foliage_Material/MaterialFunctions/Foliage/MF_WorldspaceColorVariation.uexp" 1046
"E:/unreal engine/TheErasTourRelive/Content/MSPresets/MS_Foliage_Material/MaterialFunctions/Impostor/FrameBlendWeights.uasset" 1047
"E:/unreal engine/TheErasTourRelive/Content/MSPresets/MS_Foliage_Material/MaterialFunctions/Impostor/FrameBlendWeights.uexp" 1048
"E:/unreal engine/TheErasTourRelive/Content/MSPresets/MS_Foliage_Material/MaterialFunctions/Impostor/FrameBlendWeights_TextureObject.uasset" 1049
"E:/unreal engine/TheErasTourRelive/Content/MSPresets/MS_Foliage_Material/MaterialFunctions/Impostor/FrameBlendWeights_TextureObject.uexp" 1050
"E:/unreal engine/TheErasTourRelive/Content/MSPresets/MS_Foliage_Material/MaterialFunctions/Impostor/GenerateTreeMask.uasset" 1051
"E:/unreal engine/TheErasTourRelive/Content/MSPresets/MS_Foliage_Material/MaterialFunctions/Impostor/GenerateTreeMask.uexp" 1052
"E:/unreal engine/TheErasTourRelive/Content/MSPresets/MS_Foliage_Material/MaterialFunctions/Impostor/ImposterFrameTransform.uasset" 1053
"E:/unreal engine/TheErasTourRelive/Content/MSPresets/MS_Foliage_Material/MaterialFunctions/Impostor/ImposterFrameTransform.uexp" 1054
"../../../Engine/Content/Functions/Engine_MaterialFunctions01/Vectors/OctahedronToUnitVector.uasset" 1055
"../../../Engine/Content/Functions/Engine_MaterialFunctions01/Vectors/OctahedronToUnitVector.uexp" 1056
"E:/unreal engine/TheErasTourRelive/Content/MSPresets/MS_Foliage_Material/MaterialFunctions/Impostor/HemiOctahedronToUnitVector.uasset" 1057
"E:/unreal engine/TheErasTourRelive/Content/MSPresets/MS_Foliage_Material/MaterialFunctions/Impostor/HemiOctahedronToUnitVector.uexp" 1058
"E:/unreal engine/TheErasTourRelive/Content/MSPresets/MS_Foliage_Material/MaterialFunctions/Impostor/ImposterFrameTransform_Setup.uasset" 1059
"E:/unreal engine/TheErasTourRelive/Content/MSPresets/MS_Foliage_Material/MaterialFunctions/Impostor/ImposterFrameTransform_Setup.uexp" 1060
"E:/unreal engine/TheErasTourRelive/Content/MSPresets/MS_Foliage_Material/MaterialFunctions/Impostor/ImpostorInfo.uasset" 1061
"E:/unreal engine/TheErasTourRelive/Content/MSPresets/MS_Foliage_Material/MaterialFunctions/Impostor/ImpostorInfo.uexp" 1062
"E:/unreal engine/TheErasTourRelive/Content/MSPresets/MS_Foliage_Material/MaterialFunctions/Impostor/UnitVectorToHemiOctahedra.uasset" 1063
"E:/unreal engine/TheErasTourRelive/Content/MSPresets/MS_Foliage_Material/MaterialFunctions/Impostor/UnitVectorToHemiOctahedra.uexp" 1064
"E:/unreal engine/TheErasTourRelive/Content/MSPresets/MS_Foliage_Material/MaterialFunctions/Impostor/Impostor_SingleFrameVersion.uasset" 1065
"E:/unreal engine/TheErasTourRelive/Content/MSPresets/MS_Foliage_Material/MaterialFunctions/Impostor/Impostor_SingleFrameVersion.uexp" 1066
"E:/unreal engine/TheErasTourRelive/Content/MSPresets/MS_Foliage_Material/MaterialFunctions/Impostor/OverrideMobile.uasset" 1067
"E:/unreal engine/TheErasTourRelive/Content/MSPresets/MS_Foliage_Material/MaterialFunctions/Impostor/OverrideMobile.uexp" 1068
"E:/unreal engine/TheErasTourRelive/Content/MSPresets/MS_Foliage_Material/MaterialFunctions/Impostor/Sprite_PositionBased.uasset" 1069
"E:/unreal engine/TheErasTourRelive/Content/MSPresets/MS_Foliage_Material/MaterialFunctions/Impostor/Sprite_PositionBased.uexp" 1070
"E:/unreal engine/TheErasTourRelive/Content/MSPresets/MS_Foliage_Material/MaterialFunctions/Impostor/TriangleInterpolator.uasset" 1071
"E:/unreal engine/TheErasTourRelive/Content/MSPresets/MS_Foliage_Material/MaterialFunctions/Impostor/TriangleInterpolator.uexp" 1072
"E:/unreal engine/TheErasTourRelive/Content/MSPresets/MS_Foliage_Material/MaterialFunctions/Impostor/TriangulatedWireframe.uasset" 1073
"E:/unreal engine/TheErasTourRelive/Content/MSPresets/MS_Foliage_Material/MaterialFunctions/Impostor/TriangulatedWireframe.uexp" 1074
"../../../Engine/Content/Functions/Engine_MaterialFunctions02/Math/CreateThirdOrthogonalVector.uasset" 1075
"../../../Engine/Content/Functions/Engine_MaterialFunctions02/Math/CreateThirdOrthogonalVector.uexp" 1076
"E:/unreal engine/TheErasTourRelive/Content/MSPresets/MS_Foliage_Material/MaterialFunctions/Impostor/VirtualPlaneCoordinates_Imposter.uasset" 1077
"E:/unreal engine/TheErasTourRelive/Content/MSPresets/MS_Foliage_Material/MaterialFunctions/Impostor/VirtualPlaneCoordinates_Imposter.uexp" 1078
"E:/unreal engine/TheErasTourRelive/Content/MSPresets/MS_Foliage_Material/MaterialFunctions/Impostor/Impostor_MS.uasset" 1079
"E:/unreal engine/TheErasTourRelive/Content/MSPresets/MS_Foliage_Material/MaterialFunctions/Impostor/Impostor_MS.uexp" 1080
"E:/unreal engine/TheErasTourRelive/Content/MSPresets/MS_Foliage_Material/MasterMaterials/MA_Impostor_SimpleOffset_MS.uasset" 1081
"E:/unreal engine/TheErasTourRelive/Content/MSPresets/MS_Foliage_Material/MasterMaterials/MA_Impostor_SimpleOffset_MS.uexp" 1082
"E:/unreal engine/TheErasTourRelive/Content/BlackAlder/Materials/Impostor/MAI_Impostor_BlackAlder.uasset" 1083
"E:/unreal engine/TheErasTourRelive/Content/BlackAlder/Materials/Impostor/MAI_Impostor_BlackAlder.uexp" 1084
"E:/unreal engine/TheErasTourRelive/Content/BlackAlder/Textures/Impostor/Field/Field_04/T_Impostor_BaseColor_Field_04_Summer.uasset" 1085
"E:/unreal engine/TheErasTourRelive/Content/BlackAlder/Textures/Impostor/Field/Field_04/T_Impostor_BaseColor_Field_04_Summer.ubulk" 1086
"E:/unreal engine/TheErasTourRelive/Content/BlackAlder/Textures/Impostor/Field/Field_04/T_Impostor_BaseColor_Field_04_Summer.uexp" 1087
"E:/unreal engine/TheErasTourRelive/Content/BlackAlder/Textures/Impostor/Field/Field_04/T_Impostor_BaseColor_Field_04_Winter.uasset" 1088
"E:/unreal engine/TheErasTourRelive/Content/BlackAlder/Textures/Impostor/Field/Field_04/T_Impostor_BaseColor_Field_04_Winter.ubulk" 1089
"E:/unreal engine/TheErasTourRelive/Content/BlackAlder/Textures/Impostor/Field/Field_04/T_Impostor_BaseColor_Field_04_Winter.uexp" 1090
"E:/unreal engine/TheErasTourRelive/Content/BlackAlder/Textures/Impostor/Field/Field_04/T_Impostor_Normal_Field_04_Summer.uasset" 1091
"E:/unreal engine/TheErasTourRelive/Content/BlackAlder/Textures/Impostor/Field/Field_04/T_Impostor_Normal_Field_04_Summer.ubulk" 1092
"E:/unreal engine/TheErasTourRelive/Content/BlackAlder/Textures/Impostor/Field/Field_04/T_Impostor_Normal_Field_04_Summer.uexp" 1093
"E:/unreal engine/TheErasTourRelive/Content/BlackAlder/Textures/Impostor/Field/Field_04/T_Impostor_Normal_Field_04_Winter.uasset" 1094
"E:/unreal engine/TheErasTourRelive/Content/BlackAlder/Textures/Impostor/Field/Field_04/T_Impostor_Normal_Field_04_Winter.ubulk" 1095
"E:/unreal engine/TheErasTourRelive/Content/BlackAlder/Textures/Impostor/Field/Field_04/T_Impostor_Normal_Field_04_Winter.uexp" 1096
"E:/unreal engine/TheErasTourRelive/Content/BlackAlder/Materials/Impostor/MI_Impostor_Field_04.uasset" 1097
"E:/unreal engine/TheErasTourRelive/Content/BlackAlder/Materials/Impostor/MI_Impostor_Field_04.uexp" 1098
"../../../Engine/Content/EngineMaterials/Good64x64TilingNoiseHighFreq.uasset" 1099
"../../../Engine/Content/EngineMaterials/Good64x64TilingNoiseHighFreq.uexp" 1100
"../../../Engine/Content/EngineMaterials/DefaultDiffuse_TC_Masks.uasset" 1101
"../../../Engine/Content/EngineMaterials/DefaultDiffuse_TC_Masks.ubulk" 1102
"../../../Engine/Content/EngineMaterials/DefaultDiffuse_TC_Masks.uexp" 1103
"../../../Engine/Content/EngineMaterials/T_Default_Normal.uasset" 1104
"../../../Engine/Content/EngineMaterials/T_Default_Normal.ubulk" 1105
"../../../Engine/Content/EngineMaterials/T_Default_Normal.uexp" 1106
"../../../Engine/Content/MaterialTemplates/LayerBlends/T_DefaultMaskTexture.uasset" 1107
"../../../Engine/Content/MaterialTemplates/LayerBlends/T_DefaultMaskTexture.uexp" 1108
"../../../Engine/Content/Functions/Engine_MaterialFunctions02/ExampleContent/PivotPainter2/PP2_rgb_XVect_a_XExtent.uasset" 1109
"../../../Engine/Content/Functions/Engine_MaterialFunctions02/ExampleContent/PivotPainter2/PP2_rgb_XVect_a_XExtent.uexp" 1110
"../../../Engine/Content/Functions/Engine_MaterialFunctions02/ExampleContent/PivotPainter2/SimpExPivPos.uasset" 1111
"../../../Engine/Content/Functions/Engine_MaterialFunctions02/ExampleContent/PivotPainter2/SimpExPivPos.uexp" 1112
"../../../Engine/Content/Functions/Engine_MaterialFunctions02/ExampleContent/PivotPainter2/test2_rgb_PivotPos_a_ParentIndexInt_UV_2.uasset" 1113
"../../../Engine/Content/Functions/Engine_MaterialFunctions02/ExampleContent/PivotPainter2/test2_rgb_PivotPos_a_ParentIndexInt_UV_2.uexp" 1114
"E:/unreal engine/TheErasTourRelive/Content/BlackAlder/Textures/Decoration/T_BlackAlder_Decoration_Albedo.uasset" 1115
"E:/unreal engine/TheErasTourRelive/Content/BlackAlder/Textures/Decoration/T_BlackAlder_Decoration_Albedo.uptnl" 1116
"E:/unreal engine/TheErasTourRelive/Content/BlackAlder/Textures/Decoration/T_BlackAlder_Decoration_Albedo.ubulk" 1117
"E:/unreal engine/TheErasTourRelive/Content/BlackAlder/Textures/Decoration/T_BlackAlder_Decoration_Albedo.uexp" 1118
"E:/unreal engine/TheErasTourRelive/Content/BlackAlder/Textures/Decoration/T_BlackAlder_Decoration_Mask.uasset" 1119
"E:/unreal engine/TheErasTourRelive/Content/BlackAlder/Textures/Decoration/T_BlackAlder_Decoration_Mask.ubulk" 1120
"E:/unreal engine/TheErasTourRelive/Content/BlackAlder/Textures/Decoration/T_BlackAlder_Decoration_Mask.uexp" 1121
"E:/unreal engine/TheErasTourRelive/Content/BlackAlder/Textures/Decoration/T_BlackAlder_Decoration_Normal.uasset" 1122
"E:/unreal engine/TheErasTourRelive/Content/BlackAlder/Textures/Decoration/T_BlackAlder_Decoration_Normal.ubulk" 1123
"E:/unreal engine/TheErasTourRelive/Content/BlackAlder/Textures/Decoration/T_BlackAlder_Decoration_Normal.uexp" 1124
"../../../Engine/Content/Functions/Engine_MaterialFunctions02/Math/TimeWithSpeedVariable.uasset" 1125
"../../../Engine/Content/Functions/Engine_MaterialFunctions02/Math/TimeWithSpeedVariable.uexp" 1126
"../../../Engine/Content/Functions/Engine_MaterialFunctions02/Lerp_Multiple_Float2.uasset" 1127
"../../../Engine/Content/Functions/Engine_MaterialFunctions02/Lerp_Multiple_Float2.uexp" 1128
"../../../Engine/Content/Functions/Engine_MaterialFunctions02/ms_PivotPainter2_UnpackIntegerAsFloat.uasset" 1129
"../../../Engine/Content/Functions/Engine_MaterialFunctions02/ms_PivotPainter2_UnpackIntegerAsFloat.uexp" 1130
"../../../Engine/Content/Functions/Engine_MaterialFunctions02/PivotPainter2/ms_PivotPainter2_CalculateMeshElementIndex.uasset" 1131
"../../../Engine/Content/Functions/Engine_MaterialFunctions02/PivotPainter2/ms_PivotPainter2_CalculateMeshElementIndex.uexp" 1132
"../../../Engine/Content/Functions/Engine_MaterialFunctions02/PivotPainter2/2dArrayLookupByIndex.uasset" 1133
"../../../Engine/Content/Functions/Engine_MaterialFunctions02/PivotPainter2/2dArrayLookupByIndex.uexp" 1134
"../../../Engine/Content/Functions/Engine_MaterialFunctions02/PivotPainter2/ms_PivotPainter2_ReturnParentTextureInfo.uasset" 1135
"../../../Engine/Content/Functions/Engine_MaterialFunctions02/PivotPainter2/ms_PivotPainter2_ReturnParentTextureInfo.uexp" 1136
"../../../Engine/Content/Functions/Engine_MaterialFunctions02/FixRotateAboutAxisNormals.uasset" 1137
"../../../Engine/Content/Functions/Engine_MaterialFunctions02/FixRotateAboutAxisNormals.uexp" 1138
"../../../Engine/Content/Functions/Engine_MaterialFunctions02/PivotPainter2/ms_PivotPainter2_Decode8BitAlphaAxisExtent.uasset" 1139
"../../../Engine/Content/Functions/Engine_MaterialFunctions02/PivotPainter2/ms_PivotPainter2_Decode8BitAlphaAxisExtent.uexp" 1140
"../../../Engine/Content/Functions/Engine_MaterialFunctions02/PivotPainter2/ms_PivotPainter2_DecodeAxisVector.uasset" 1141
"../../../Engine/Content/Functions/Engine_MaterialFunctions02/PivotPainter2/ms_PivotPainter2_DecodeAxisVector.uexp" 1142
"../../../Engine/Content/Functions/Engine_MaterialFunctions02/PivotPainter2/ms_PivotPainter2_DecodePostion.uasset" 1143
"../../../Engine/Content/Functions/Engine_MaterialFunctions02/PivotPainter2/ms_PivotPainter2_DecodePostion.uexp" 1144
"E:/unreal engine/TheErasTourRelive/Content/MSPresets/MS_Foliage_Material/MaterialFunctions/Foliage/MF_AdvancedWind_Level.uasset" 1145
"E:/unreal engine/TheErasTourRelive/Content/MSPresets/MS_Foliage_Material/MaterialFunctions/Foliage/MF_AdvancedWind_Level.uexp" 1146
"E:/unreal engine/TheErasTourRelive/Content/MSPresets/MS_Foliage_Material/MaterialFunctions/Foliage/MF_AdvancedWind.uasset" 1147
"E:/unreal engine/TheErasTourRelive/Content/MSPresets/MS_Foliage_Material/MaterialFunctions/Foliage/MF_AdvancedWind.uexp" 1148
"../../../Engine/Content/Functions/Engine_MaterialFunctions01/Texturing/FlattenNormal.uasset" 1149
"../../../Engine/Content/Functions/Engine_MaterialFunctions01/Texturing/FlattenNormal.uexp" 1150
"E:/unreal engine/TheErasTourRelive/Content/MSPresets/MS_Foliage_Material/MaterialFunctions/Foliage/MF_adjustNormal.uasset" 1151
"E:/unreal engine/TheErasTourRelive/Content/MSPresets/MS_Foliage_Material/MaterialFunctions/Foliage/MF_adjustNormal.uexp" 1152
"E:/unreal engine/TheErasTourRelive/Content/MSPresets/MS_Foliage_Material/MaterialFunctions/Foliage/MF_BarkDetailer.uasset" 1153
"E:/unreal engine/TheErasTourRelive/Content/MSPresets/MS_Foliage_Material/MaterialFunctions/Foliage/MF_BarkDetailer.uexp" 1154
"../../../Engine/Content/Functions/Engine_MaterialFunctions02/Texturing/ScreenAlignedPixelToPixelUVs.uasset" 1155
"../../../Engine/Content/Functions/Engine_MaterialFunctions02/Texturing/ScreenAlignedPixelToPixelUVs.uexp" 1156
"../../../Engine/Content/Functions/Engine_MaterialFunctions02/Utility/DitherTemporalAA.uasset" 1157
"../../../Engine/Content/Functions/Engine_MaterialFunctions02/Utility/DitherTemporalAA.uexp" 1158
"E:/unreal engine/TheErasTourRelive/Content/MSPresets/MS_Foliage_Material/MaterialFunctions/Foliage/MF_BranchBlending.uasset" 1159
"E:/unreal engine/TheErasTourRelive/Content/MSPresets/MS_Foliage_Material/MaterialFunctions/Foliage/MF_BranchBlending.uexp" 1160
"E:/unreal engine/TheErasTourRelive/Content/MSPresets/MS_Foliage_Material/MaterialFunctions/Foliage/MF_generateSpecular.uasset" 1161
"E:/unreal engine/TheErasTourRelive/Content/MSPresets/MS_Foliage_Material/MaterialFunctions/Foliage/MF_generateSpecular.uexp" 1162
"E:/unreal engine/TheErasTourRelive/Content/MSPresets/MS_Foliage_Material/MaterialFunctions/Foliage/MF_Roughness.uasset" 1163
"E:/unreal engine/TheErasTourRelive/Content/MSPresets/MS_Foliage_Material/MaterialFunctions/Foliage/MF_Roughness.uexp" 1164
"E:/unreal engine/TheErasTourRelive/Content/MSPresets/MS_Foliage_Material/MaterialFunctions/Foliage/MF_DefaultLit_Trunk.uasset" 1165
"E:/unreal engine/TheErasTourRelive/Content/MSPresets/MS_Foliage_Material/MaterialFunctions/Foliage/MF_DefaultLit_Trunk.uexp" 1166
"E:/unreal engine/TheErasTourRelive/Content/MSPresets/MS_Foliage_Material/MaterialFunctions/Foliage/MF_DecorationBlending.uasset" 1167
"E:/unreal engine/TheErasTourRelive/Content/MSPresets/MS_Foliage_Material/MaterialFunctions/Foliage/MF_DecorationBlending.uexp" 1168
"E:/unreal engine/TheErasTourRelive/Content/MSPresets/MS_Foliage_Material/MaterialFunctions/Foliage/MF_TwoSided_Decoration.uasset" 1169
"E:/unreal engine/TheErasTourRelive/Content/MSPresets/MS_Foliage_Material/MaterialFunctions/Foliage/MF_TwoSided_Decoration.uexp" 1170
"E:/unreal engine/TheErasTourRelive/Content/MSPresets/MS_Foliage_Material/MaterialFunctions/Foliage/MF_adjustTwoSidedBaseColor.uasset" 1171
"E:/unreal engine/TheErasTourRelive/Content/MSPresets/MS_Foliage_Material/MaterialFunctions/Foliage/MF_adjustTwoSidedBaseColor.uexp" 1172
"E:/unreal engine/TheErasTourRelive/Content/MSPresets/MS_Foliage_Material/MaterialFunctions/Foliage/MF_adjustTwoSidedNormal.uasset" 1173
"E:/unreal engine/TheErasTourRelive/Content/MSPresets/MS_Foliage_Material/MaterialFunctions/Foliage/MF_adjustTwoSidedNormal.uexp" 1174
"E:/unreal engine/TheErasTourRelive/Content/MSPresets/MS_Foliage_Material/MaterialFunctions/Foliage/MF_Opacity.uasset" 1175
"E:/unreal engine/TheErasTourRelive/Content/MSPresets/MS_Foliage_Material/MaterialFunctions/Foliage/MF_Opacity.uexp" 1176
"E:/unreal engine/TheErasTourRelive/Content/MSPresets/MS_Foliage_Material/MaterialFunctions/Foliage/MF_generateTwoSidedSpecular.uasset" 1177
"E:/unreal engine/TheErasTourRelive/Content/MSPresets/MS_Foliage_Material/MaterialFunctions/Foliage/MF_generateTwoSidedSpecular.uexp" 1178
"E:/unreal engine/TheErasTourRelive/Content/MSPresets/MS_Foliage_Material/MaterialFunctions/Foliage/MF_LightInfluenceColorVariation.uasset" 1179
"E:/unreal engine/TheErasTourRelive/Content/MSPresets/MS_Foliage_Material/MaterialFunctions/Foliage/MF_LightInfluenceColorVariation.uexp" 1180
"E:/unreal engine/TheErasTourRelive/Content/MSPresets/MS_Foliage_Material/MaterialFunctions/Foliage/MF_TwoSidedRoughness.uasset" 1181
"E:/unreal engine/TheErasTourRelive/Content/MSPresets/MS_Foliage_Material/MaterialFunctions/Foliage/MF_TwoSidedRoughness.uexp" 1182
"E:/unreal engine/TheErasTourRelive/Content/MSPresets/MS_Foliage_Material/MaterialFunctions/Foliage/MF_TwoSided_Leaves.uasset" 1183
"E:/unreal engine/TheErasTourRelive/Content/MSPresets/MS_Foliage_Material/MaterialFunctions/Foliage/MF_TwoSided_Leaves.uexp" 1184
"E:/unreal engine/TheErasTourRelive/Content/MSPresets/MS_Foliage_Material/MasterMaterials/MA_Foliage.uasset" 1185
"E:/unreal engine/TheErasTourRelive/Content/MSPresets/MS_Foliage_Material/MasterMaterials/MA_Foliage.uexp" 1186
"E:/unreal engine/TheErasTourRelive/Content/BlackAlder/Textures/PivotPainter/Field/T_BlackAlder_Field_04_PivotPos.uasset" 1187
"E:/unreal engine/TheErasTourRelive/Content/BlackAlder/Textures/PivotPainter/Field/T_BlackAlder_Field_04_PivotPos.uexp" 1188
"E:/unreal engine/TheErasTourRelive/Content/BlackAlder/Textures/PivotPainter/Field/T_BlackAlder_Field_04_XVector.uasset" 1189
"E:/unreal engine/TheErasTourRelive/Content/BlackAlder/Textures/PivotPainter/Field/T_BlackAlder_Field_04_XVector.uexp" 1190
"E:/unreal engine/TheErasTourRelive/Content/BlackAlder/Materials/PivotPainter/Field/Field_04/MAI_BlackAlder_Field_04.uasset" 1191
"E:/unreal engine/TheErasTourRelive/Content/BlackAlder/Materials/PivotPainter/Field/Field_04/MAI_BlackAlder_Field_04.uexp" 1192
"E:/unreal engine/TheErasTourRelive/Content/BlackAlder/Materials/PivotPainter/Field/Field_04/MI_BlackAlder_Field_04_Decoration.uasset" 1193
"E:/unreal engine/TheErasTourRelive/Content/BlackAlder/Materials/PivotPainter/Field/Field_04/MI_BlackAlder_Field_04_Decoration.uexp" 1194
"E:/unreal engine/TheErasTourRelive/Content/BlackAlder/Textures/Tileable/T_BlackAlder_Tileable_Albedo.uasset" 1195
"E:/unreal engine/TheErasTourRelive/Content/BlackAlder/Textures/Tileable/T_BlackAlder_Tileable_Albedo.uptnl" 1196
"E:/unreal engine/TheErasTourRelive/Content/BlackAlder/Textures/Tileable/T_BlackAlder_Tileable_Albedo.ubulk" 1197
"E:/unreal engine/TheErasTourRelive/Content/BlackAlder/Textures/Tileable/T_BlackAlder_Tileable_Albedo.uexp" 1198
"E:/unreal engine/TheErasTourRelive/Content/BlackAlder/Textures/Tileable/T_BlackAlder_Tileable_Mask.uasset" 1199
"E:/unreal engine/TheErasTourRelive/Content/BlackAlder/Textures/Tileable/T_BlackAlder_Tileable_Mask.ubulk" 1200
"E:/unreal engine/TheErasTourRelive/Content/BlackAlder/Textures/Tileable/T_BlackAlder_Tileable_Mask.uexp" 1201
"E:/unreal engine/TheErasTourRelive/Content/BlackAlder/Textures/Tileable/T_BlackAlder_Tileable_Normal.uasset" 1202
"E:/unreal engine/TheErasTourRelive/Content/BlackAlder/Textures/Tileable/T_BlackAlder_Tileable_Normal.uptnl" 1203
"E:/unreal engine/TheErasTourRelive/Content/BlackAlder/Textures/Tileable/T_BlackAlder_Tileable_Normal.ubulk" 1204
"E:/unreal engine/TheErasTourRelive/Content/BlackAlder/Textures/Tileable/T_BlackAlder_Tileable_Normal.uexp" 1205
"E:/unreal engine/TheErasTourRelive/Content/BlackAlder/Materials/PivotPainter/Field/Field_04/MI_BlackAlder_Field_04_Tileable.uasset" 1206
"E:/unreal engine/TheErasTourRelive/Content/BlackAlder/Materials/PivotPainter/Field/Field_04/MI_BlackAlder_Field_04_Tileable.uexp" 1207
"E:/unreal engine/TheErasTourRelive/Content/BlackAlder/Textures/Trunk/Trunk_02/T_BlackAlder_Trunk_02_Albedo.uasset" 1208
"E:/unreal engine/TheErasTourRelive/Content/BlackAlder/Textures/Trunk/Trunk_02/T_BlackAlder_Trunk_02_Albedo.uptnl" 1209
"E:/unreal engine/TheErasTourRelive/Content/BlackAlder/Textures/Trunk/Trunk_02/T_BlackAlder_Trunk_02_Albedo.ubulk" 1210
"E:/unreal engine/TheErasTourRelive/Content/BlackAlder/Textures/Trunk/Trunk_02/T_BlackAlder_Trunk_02_Albedo.uexp" 1211
"E:/unreal engine/TheErasTourRelive/Content/BlackAlder/Textures/Trunk/Trunk_02/T_BlackAlder_Trunk_02_Mask.uasset" 1212
"E:/unreal engine/TheErasTourRelive/Content/BlackAlder/Textures/Trunk/Trunk_02/T_BlackAlder_Trunk_02_Mask.ubulk" 1213
"E:/unreal engine/TheErasTourRelive/Content/BlackAlder/Textures/Trunk/Trunk_02/T_BlackAlder_Trunk_02_Mask.uexp" 1214
"E:/unreal engine/TheErasTourRelive/Content/BlackAlder/Textures/Trunk/Trunk_02/T_BlackAlder_Trunk_02_Normal.uasset" 1215
"E:/unreal engine/TheErasTourRelive/Content/BlackAlder/Textures/Trunk/Trunk_02/T_BlackAlder_Trunk_02_Normal.ubulk" 1216
"E:/unreal engine/TheErasTourRelive/Content/BlackAlder/Textures/Trunk/Trunk_02/T_BlackAlder_Trunk_02_Normal.uexp" 1217
"E:/unreal engine/TheErasTourRelive/Content/BlackAlder/Materials/PivotPainter/Field/Field_04/MI_BlackAlder_Field_04_Trunk.uasset" 1218
"E:/unreal engine/TheErasTourRelive/Content/BlackAlder/Materials/PivotPainter/Field/Field_04/MI_BlackAlder_Field_04_Trunk.uexp" 1219
"E:/unreal engine/TheErasTourRelive/Content/BlackAlder/Textures/TwoSided/Summer/T_BlackAlder_TwoSided_Summer_Albedo.uasset" 1220
"E:/unreal engine/TheErasTourRelive/Content/BlackAlder/Textures/TwoSided/Summer/T_BlackAlder_TwoSided_Summer_Albedo.uptnl" 1221
"E:/unreal engine/TheErasTourRelive/Content/BlackAlder/Textures/TwoSided/Summer/T_BlackAlder_TwoSided_Summer_Albedo.ubulk" 1222
"E:/unreal engine/TheErasTourRelive/Content/BlackAlder/Textures/TwoSided/Summer/T_BlackAlder_TwoSided_Summer_Albedo.uexp" 1223
"E:/unreal engine/TheErasTourRelive/Content/BlackAlder/Textures/TwoSided/Summer/T_BlackAlder_TwoSided_Summer_Mask.uasset" 1224
"E:/unreal engine/TheErasTourRelive/Content/BlackAlder/Textures/TwoSided/Summer/T_BlackAlder_TwoSided_Summer_Mask.ubulk" 1225
"E:/unreal engine/TheErasTourRelive/Content/BlackAlder/Textures/TwoSided/Summer/T_BlackAlder_TwoSided_Summer_Mask.uexp" 1226
"E:/unreal engine/TheErasTourRelive/Content/BlackAlder/Textures/TwoSided/Summer/T_BlackAlder_TwoSided_Summer_Normal.uasset" 1227
"E:/unreal engine/TheErasTourRelive/Content/BlackAlder/Textures/TwoSided/Summer/T_BlackAlder_TwoSided_Summer_Normal.ubulk" 1228
"E:/unreal engine/TheErasTourRelive/Content/BlackAlder/Textures/TwoSided/Summer/T_BlackAlder_TwoSided_Summer_Normal.uexp" 1229
"E:/unreal engine/TheErasTourRelive/Content/BlackAlder/Textures/TwoSided/Winter/T_BlackAlder_TwoSided_Winter_Albedo.uasset" 1230
"E:/unreal engine/TheErasTourRelive/Content/BlackAlder/Textures/TwoSided/Winter/T_BlackAlder_TwoSided_Winter_Albedo.uptnl" 1231
"E:/unreal engine/TheErasTourRelive/Content/BlackAlder/Textures/TwoSided/Winter/T_BlackAlder_TwoSided_Winter_Albedo.ubulk" 1232
"E:/unreal engine/TheErasTourRelive/Content/BlackAlder/Textures/TwoSided/Winter/T_BlackAlder_TwoSided_Winter_Albedo.uexp" 1233
"E:/unreal engine/TheErasTourRelive/Content/BlackAlder/Textures/TwoSided/Winter/T_BlackAlder_TwoSided_Winter_Mask.uasset" 1234
"E:/unreal engine/TheErasTourRelive/Content/BlackAlder/Textures/TwoSided/Winter/T_BlackAlder_TwoSided_Winter_Mask.ubulk" 1235
"E:/unreal engine/TheErasTourRelive/Content/BlackAlder/Textures/TwoSided/Winter/T_BlackAlder_TwoSided_Winter_Mask.uexp" 1236
"E:/unreal engine/TheErasTourRelive/Content/BlackAlder/Textures/TwoSided/Winter/T_BlackAlder_TwoSided_Winter_Normal.uasset" 1237
"E:/unreal engine/TheErasTourRelive/Content/BlackAlder/Textures/TwoSided/Winter/T_BlackAlder_TwoSided_Winter_Normal.ubulk" 1238
"E:/unreal engine/TheErasTourRelive/Content/BlackAlder/Textures/TwoSided/Winter/T_BlackAlder_TwoSided_Winter_Normal.uexp" 1239
"E:/unreal engine/TheErasTourRelive/Content/BlackAlder/Materials/PivotPainter/Field/Field_04/MI_BlackAlder_Field_04_TwoSided.uasset" 1240
"E:/unreal engine/TheErasTourRelive/Content/BlackAlder/Materials/PivotPainter/Field/Field_04/MI_BlackAlder_Field_04_TwoSided.uexp" 1241
"E:/unreal engine/TheErasTourRelive/Content/BlackAlder/Geometry/PivotPainter/SM_BlackAlder_Field_04_PP.uasset" 1242
"E:/unreal engine/TheErasTourRelive/Content/BlackAlder/Geometry/PivotPainter/SM_BlackAlder_Field_04_PP.ubulk" 1243
"E:/unreal engine/TheErasTourRelive/Content/BlackAlder/Geometry/PivotPainter/SM_BlackAlder_Field_04_PP.uexp" 1244
"E:/unreal engine/TheErasTourRelive/Content/textures/textures/snow_02_ao_4k.uasset" 1245
"E:/unreal engine/TheErasTourRelive/Content/textures/textures/snow_02_ao_4k.ubulk" 1246
"E:/unreal engine/TheErasTourRelive/Content/textures/textures/snow_02_ao_4k.uexp" 1247
"E:/unreal engine/TheErasTourRelive/Content/textures/textures/snow_02_ao_4k_Mat.uasset" 1248
"E:/unreal engine/TheErasTourRelive/Content/textures/textures/snow_02_ao_4k_Mat.uexp" 1249
"../../../Engine/Content/EngineMaterials/DefaultMaterial.uasset" 1250
"../../../Engine/Content/EngineMaterials/DefaultMaterial.uexp" 1251
"../../../Engine/Content/BasicShapes/Sphere.uasset" 1252
"../../../Engine/Content/BasicShapes/Sphere.ubulk" 1253
"../../../Engine/Content/BasicShapes/Sphere.uexp" 1254
"../../../Engine/Content/BasicShapes/Cylinder.uasset" 1255
"../../../Engine/Content/BasicShapes/Cylinder.ubulk" 1256
"../../../Engine/Content/BasicShapes/Cylinder.uexp" 1257
"../../../Engine/Content/BasicShapes/Cone.uasset" 1258
"../../../Engine/Content/BasicShapes/Cone.ubulk" 1259
"../../../Engine/Content/BasicShapes/Cone.uexp" 1260
"../../../Engine/Content/EngineMeshes/Sphere.uasset" 1261
"../../../Engine/Content/EngineMeshes/Sphere.ubulk" 1262
"../../../Engine/Content/EngineMeshes/Sphere.uexp" 1263
"../../../Engine/Content/VREditor/LaserPointer/VR_LaserPower_01.uasset" 1264
"../../../Engine/Content/VREditor/LaserPointer/VR_LaserPower_01.ubulk" 1265
"../../../Engine/Content/VREditor/LaserPointer/VR_LaserPower_01.uexp" 1266
"../../../Engine/Content/VREditor/TransformGizmo/TransformGizmoMaterial.uasset" 1267
"../../../Engine/Content/VREditor/TransformGizmo/TransformGizmoMaterial.uexp" 1268
"../../../Engine/Content/VREditor/TransformGizmo/TranslucentTransformGizmoMaterial.uasset" 1269
"../../../Engine/Content/VREditor/TransformGizmo/TranslucentTransformGizmoMaterial.uexp" 1270
"../../../Engine/Content/VREditor/TransformGizmo/BoundingBoxEdge.uasset" 1271
"../../../Engine/Content/VREditor/TransformGizmo/BoundingBoxEdge.ubulk" 1272
"../../../Engine/Content/VREditor/TransformGizmo/BoundingBoxEdge.uexp" 1273
"../../../Engine/Content/VREditor/TransformGizmo/BoundingBoxCorner.uasset" 1274
"../../../Engine/Content/VREditor/TransformGizmo/BoundingBoxCorner.ubulk" 1275
"../../../Engine/Content/VREditor/TransformGizmo/BoundingBoxCorner.uexp" 1276
"E:/unreal engine/TheErasTourRelive/Content/NewWidgetBlueprint.uasset" 1277
"E:/unreal engine/TheErasTourRelive/Content/NewWidgetBlueprint.uexp" 1278
"E:/unreal engine/TheErasTourRelive/Content/Folklore_room_blueprint.uasset" 1279
"E:/unreal engine/TheErasTourRelive/Content/Folklore_room_blueprint.uexp" 1280
"E:/unreal engine/TheErasTourRelive/Content/friendship_bracelets_beads/Picsart_26-06-02_01-58-07-927.uasset" 1281
"E:/unreal engine/TheErasTourRelive/Content/friendship_bracelets_beads/Picsart_26-06-02_01-58-07-927.uexp" 1282
"E:/unreal engine/TheErasTourRelive/Content/friendship_bracelets_beads/friendship_bracelets_canvas.uasset" 1283
"E:/unreal engine/TheErasTourRelive/Content/friendship_bracelets_beads/friendship_bracelets_canvas.uexp" 1284
"E:/unreal engine/TheErasTourRelive/Content/WidgetBP_FriendshipBraceletsActivity.uasset" 1285
"E:/unreal engine/TheErasTourRelive/Content/WidgetBP_FriendshipBraceletsActivity.uexp" 1286
"E:/unreal engine/TheErasTourRelive/Content/MidnightsRoomBlueprint.uasset" 1287
"E:/unreal engine/TheErasTourRelive/Content/MidnightsRoomBlueprint.uexp" 1288
"../../../Engine/Content/EngineResources/EmptySparseVolumeTexture.uasset" 1289
"../../../Engine/Content/EngineResources/EmptySparseVolumeTexture.uexp" 1290
"../../../Engine/Content/EngineMaterials/SparseVolumeMaterial.uasset" 1291
"../../../Engine/Content/EngineMaterials/SparseVolumeMaterial.uexp" 1292
"../../../Engine/Content/EngineMaterials/RemoveSurfaceMaterial.uasset" 1293
"../../../Engine/Content/EngineMaterials/RemoveSurfaceMaterial.uexp" 1294
"E:/unreal engine/TheErasTourRelive/Content/FadeInBetweenLevels.uasset" 1295
"E:/unreal engine/TheErasTourRelive/Content/FadeInBetweenLevels.uexp" 1296
"E:/unreal engine/TheErasTourRelive/Content/OrangeDoor_blueprint.uasset" 1297
"E:/unreal engine/TheErasTourRelive/Content/OrangeDoor_blueprint.uexp" 1298
"../../../Engine/Content/EngineMaterials/DefaultCalibrationGrayscale.uasset" 1299
"../../../Engine/Content/EngineMaterials/DefaultCalibrationGrayscale.uexp" 1300
"../../../Engine/Content/EngineMaterials/PPM_DefaultCalibrationGrayscale.uasset" 1301
"../../../Engine/Content/EngineMaterials/PPM_DefaultCalibrationGrayscale.uexp" 1302
"E:/unreal engine/TheErasTourRelive/Content/Plane7_Blueprint.uasset" 1303
"E:/unreal engine/TheErasTourRelive/Content/Plane7_Blueprint.uexp" 1304
"../../../Engine/Content/EngineMaterials/DefaultCalibrationColor.uasset" 1305
"../../../Engine/Content/EngineMaterials/DefaultCalibrationColor.uexp" 1306
"../../../Engine/Content/EngineMaterials/PPM_DefaultCalibrationColor.uasset" 1307
"../../../Engine/Content/EngineMaterials/PPM_DefaultCalibrationColor.uexp" 1308
"../../../Engine/Content/Functions/Engine_MaterialFunctions02/WorldPositionOffset/CameraOffset.uasset" 1309
"../../../Engine/Content/Functions/Engine_MaterialFunctions02/WorldPositionOffset/CameraOffset.uexp" 1310
"../../../Engine/Content/EngineMaterials/PhAT_JointLimitMaterial.uasset" 1311
"../../../Engine/Content/EngineMaterials/PhAT_JointLimitMaterial.uexp" 1312
"../../../Engine/Content/EngineMaterials/NaniteHiddenSectionMaterial.uasset" 1313
"../../../Engine/Content/EngineMaterials/NaniteHiddenSectionMaterial.uexp" 1314
"../../../Engine/Content/BasicShapes/Cube.uasset" 1315
"../../../Engine/Content/BasicShapes/Cube.ubulk" 1316
"../../../Engine/Content/BasicShapes/Cube.uexp" 1317
"../../../Engine/Content/BasicShapes/BasicShapeMaterial.uasset" 1318
"../../../Engine/Content/BasicShapes/BasicShapeMaterial.uexp" 1319
"E:/unreal engine/TheErasTourRelive/Content/Cube_Blueprint.uasset" 1320
"E:/unreal engine/TheErasTourRelive/Content/Cube_Blueprint.uexp" 1321
"../../../Engine/Content/EngineMaterials/InvalidLightmapSettings.uasset" 1322
"../../../Engine/Content/EngineMaterials/InvalidLightmapSettings.ubulk" 1323
"../../../Engine/Content/EngineMaterials/InvalidLightmapSettings.uexp" 1324
"../../../Engine/Content/EngineMaterials/M_InvalidLightmapSettings.uasset" 1325
"../../../Engine/Content/EngineMaterials/M_InvalidLightmapSettings.uexp" 1326
"../../../Engine/Content/EngineMaterials/GizmoMaterial.uasset" 1327
"../../../Engine/Content/EngineMaterials/GizmoMaterial.uexp" 1328
"../../../Engine/Plugins/Media/MediaPlate/Content/SM_MediaPlateScreen.uasset" 1329
"../../../Engine/Plugins/Media/MediaPlate/Content/SM_MediaPlateScreen.ubulk" 1330
"../../../Engine/Plugins/Media/MediaPlate/Content/SM_MediaPlateScreen.uexp" 1331
"../../../Engine/Content/EngineMaterials/BaseFlattenDiffuseMap_VT.uasset" 1332
"../../../Engine/Content/EngineMaterials/BaseFlattenDiffuseMap_VT.ubulk" 1333
"../../../Engine/Content/EngineMaterials/BaseFlattenDiffuseMap_VT.uexp" 1334
"../../../Engine/Content/EngineMaterials/BaseFlattenEmissiveMap_VT.uasset" 1335
"../../../Engine/Content/EngineMaterials/BaseFlattenEmissiveMap_VT.ubulk" 1336
"../../../Engine/Content/EngineMaterials/BaseFlattenEmissiveMap_VT.uexp" 1337
"../../../Engine/Content/EngineMaterials/BaseFlattenGrayscaleMap_VT.uasset" 1338
"../../../Engine/Content/EngineMaterials/BaseFlattenGrayscaleMap_VT.ubulk" 1339
"../../../Engine/Content/EngineMaterials/BaseFlattenGrayscaleMap_VT.uexp" 1340
"../../../Engine/Content/EngineMaterials/BaseFlattenLinearColor_VT.uasset" 1341
"../../../Engine/Content/EngineMaterials/BaseFlattenLinearColor_VT.ubulk" 1342
"../../../Engine/Content/EngineMaterials/BaseFlattenLinearColor_VT.uexp" 1343
"../../../Engine/Content/EngineMaterials/BaseFlattenNormalMap_VT.uasset" 1344
"../../../Engine/Content/EngineMaterials/BaseFlattenNormalMap_VT.ubulk" 1345
"../../../Engine/Content/EngineMaterials/BaseFlattenNormalMap_VT.uexp" 1346
"../../../Engine/Content/EngineMaterials/Black_1x1_EXR_Texture_VT.uasset" 1347
"../../../Engine/Content/EngineMaterials/Black_1x1_EXR_Texture_VT.ubulk" 1348
"../../../Engine/Content/EngineMaterials/Black_1x1_EXR_Texture_VT.uexp" 1349
"../../../Engine/Content/EngineMaterials/FlattenMaterial_WS_Normal_VT.uasset" 1350
"../../../Engine/Content/EngineMaterials/FlattenMaterial_WS_Normal_VT.uexp" 1351
"../../../Engine/Content/EngineMaterials/FlattenMaterial_VT.uasset" 1352
"../../../Engine/Content/EngineMaterials/FlattenMaterial_VT.uexp" 1353
"../../../Engine/Content/EngineMaterials/BaseFlattenDiffuseMap.uasset" 1354
"../../../Engine/Content/EngineMaterials/BaseFlattenDiffuseMap.uexp" 1355
"../../../Engine/Content/EngineMaterials/BaseFlattenEmissiveMap.uasset" 1356
"../../../Engine/Content/EngineMaterials/BaseFlattenEmissiveMap.uexp" 1357
"../../../Engine/Content/EngineMaterials/BaseFlattenGrayscaleMap.uasset" 1358
"../../../Engine/Content/EngineMaterials/BaseFlattenGrayscaleMap.uexp" 1359
"../../../Engine/Content/Functions/Engine_MaterialFunctions02/PivotPainter2/Black_1x1_EXR_Texture.uasset" 1360
"../../../Engine/Content/Functions/Engine_MaterialFunctions02/PivotPainter2/Black_1x1_EXR_Texture.uexp" 1361
"../../../Engine/Content/EngineMaterials/FlattenMaterial.uasset" 1362
"../../../Engine/Content/EngineMaterials/FlattenMaterial.uexp" 1363
"../../../Engine/Content/EngineMaterials/DefaultWhiteGrid_Low.uasset" 1364
"../../../Engine/Content/EngineMaterials/DefaultWhiteGrid_Low.uexp" 1365
"../../../Engine/Content/EngineMaterials/EmissiveMeshMaterial.uasset" 1366
"../../../Engine/Content/EngineMaterials/EmissiveMeshMaterial.uexp" 1367
"../../../Engine/Content/EngineFonts/RobotoDistanceField.uasset" 1368
"../../../Engine/Content/EngineFonts/RobotoDistanceField.uexp" 1369
"../../../Engine/Content/EngineMaterials/DefaultTextMaterialOpaque.uasset" 1370
"../../../Engine/Content/EngineMaterials/DefaultTextMaterialOpaque.uexp" 1371
"../../../Engine/Content/EngineMaterials/DefaultPostProcessMaterial.uasset" 1372
"../../../Engine/Content/EngineMaterials/DefaultPostProcessMaterial.uexp" 1373
"../../../Engine/Content/EngineMaterials/DefaultLightFunctionMaterial.uasset" 1374
"../../../Engine/Content/EngineMaterials/DefaultLightFunctionMaterial.uexp" 1375
"../../../Engine/Plugins/Runtime/USDCore/Content/Materials/CardTextureMaterial.uasset" 1376
"../../../Engine/Plugins/Runtime/USDCore/Content/Materials/CardTextureMaterial.uexp" 1377
"../../../Engine/Content/EngineMaterials/DefaultDeferredDecalMaterial.uasset" 1378
"../../../Engine/Content/EngineMaterials/DefaultDeferredDecalMaterial.uexp" 1379
"../../../Engine/Plugins/Runtime/HairStrands/Content/Materials/HairMeshesDefaultMaterial.uasset" 1380
"../../../Engine/Plugins/Runtime/HairStrands/Content/Materials/HairMeshesDefaultMaterial.uexp" 1381
"../../../Engine/Plugins/Runtime/HairStrands/Content/Materials/HairDefaultMaterial.uasset" 1382
"../../../Engine/Plugins/Runtime/HairStrands/Content/Materials/HairDefaultMaterial.uexp" 1383
"../../../Engine/Content/EngineMaterials/HairColorMap.uasset" 1384
"../../../Engine/Content/EngineMaterials/HairColorMap.uexp" 1385
"../../../Engine/Content/EngineMaterials/HairDebugColor.uasset" 1386
"../../../Engine/Content/EngineMaterials/HairDebugColor.uexp" 1387
"../../../Engine/Plugins/Runtime/HairStrands/Content/Materials/HairGroupColors.uasset" 1388
"../../../Engine/Plugins/Runtime/HairStrands/Content/Materials/HairGroupColors.uexp" 1389
"../../../Engine/Plugins/Runtime/HairStrands/Content/Materials/HairDebugMaterial.uasset" 1390
"../../../Engine/Plugins/Runtime/HairStrands/Content/Materials/HairDebugMaterial.uexp" 1391
"../../../Engine/Plugins/Animation/ControlRig/Content/M_Manip.uasset" 1392
"../../../Engine/Plugins/Animation/ControlRig/Content/M_Manip.uexp" 1393
"../../../Engine/Plugins/Runtime/HairStrands/Content/Materials/HairCardsDefaultMaterial.uasset" 1394
"../../../Engine/Plugins/Runtime/HairStrands/Content/Materials/HairCardsDefaultMaterial.uexp" 1395
"../../../Engine/Content/Functions/Engine_MaterialFunctions01/ImageAdjustment/CheapContrast.uasset" 1396
"../../../Engine/Content/Functions/Engine_MaterialFunctions01/ImageAdjustment/CheapContrast.uexp" 1397
"../../../Engine/Content/OpenWorldTemplate/LandscapeMaterial/T_GridChecker_A.uasset" 1398
"../../../Engine/Content/OpenWorldTemplate/LandscapeMaterial/T_GridChecker_A.ubulk" 1399
"../../../Engine/Content/OpenWorldTemplate/LandscapeMaterial/T_GridChecker_A.uexp" 1400
"../../../Engine/Content/OpenWorldTemplate/LandscapeMaterial/MF_ProcGrid.uasset" 1401
"../../../Engine/Content/OpenWorldTemplate/LandscapeMaterial/MF_ProcGrid.uexp" 1402
"../../../Engine/Content/OpenWorldTemplate/LandscapeMaterial/M_ProcGrid.uasset" 1403
"../../../Engine/Content/OpenWorldTemplate/LandscapeMaterial/M_ProcGrid.uexp" 1404
"../../../Engine/Plugins/Interchange/Assets/Content/Substrate/MX_SimpleVolume.uasset" 1405
"../../../Engine/Plugins/Interchange/Assets/Content/Substrate/MX_SimpleVolume.uexp" 1406
"../../../Engine/Content/EngineDebugMaterials/VolumeToRender.uasset" 1407
"../../../Engine/Content/EngineDebugMaterials/VolumeToRender.uexp" 1408
"../../../Engine/Content/EngineDebugMaterials/M_VolumeRenderSphereTracePP.uasset" 1409
"../../../Engine/Content/EngineDebugMaterials/M_VolumeRenderSphereTracePP.uexp" 1410
"../../../Engine/Content/EngineDebugMaterials/M_SimpleUnlitTranslucent.uasset" 1411
"../../../Engine/Content/EngineDebugMaterials/M_SimpleUnlitTranslucent.uexp" 1412
"../../../Engine/Content/EngineDebugMaterials/DebugMeshMaterial.uasset" 1413
"../../../Engine/Content/EngineDebugMaterials/DebugMeshMaterial.uexp" 1414
"../../../Engine/Content/EngineDebugMaterials/DebugEditorMaterial.uasset" 1415
"../../../Engine/Content/EngineDebugMaterials/DebugEditorMaterial.uexp" 1416
"../../../Engine/Content/ArtTools/RenderToTexture/Meshes/S_1_Unit_Plane.uasset" 1417
"../../../Engine/Content/ArtTools/RenderToTexture/Meshes/S_1_Unit_Plane.ubulk" 1418
"../../../Engine/Content/ArtTools/RenderToTexture/Meshes/S_1_Unit_Plane.uexp" 1419
"../../../Engine/Content/EngineDamageTypes/DmgTypeBP_Environmental.uasset" 1420
"../../../Engine/Content/EngineDamageTypes/DmgTypeBP_Environmental.uexp" 1421
"../../../Engine/Content/EngineMaterials/Substrate/Glints2/AGlintTex2dArray2.uasset" 1422
"../../../Engine/Content/EngineMaterials/Substrate/Glints2/AGlintTex2dArray2.uexp" 1423
"../../../Engine/Content/Functions/Engine_MaterialFunctions02/Math/Transform3x3Matrix.uasset" 1424
"../../../Engine/Content/Functions/Engine_MaterialFunctions02/Math/Transform3x3Matrix.uexp" 1425
"../../../Engine/Plugins/Interchange/Assets/Content/Utilities/New_LUT.uasset" 1426
"../../../Engine/Plugins/Interchange/Assets/Content/Utilities/New_LUT.uexp" 1427
"../../../Engine/Content/Functions/Engine_MaterialFunctions03/Math/RemapValueRange.uasset" 1428
"../../../Engine/Content/Functions/Engine_MaterialFunctions03/Math/RemapValueRange.uexp" 1429
"../../../Engine/Plugins/Interchange/Assets/Content/Functions/MF_Iridescence.uasset" 1430
"../../../Engine/Plugins/Interchange/Assets/Content/Functions/MF_Iridescence.uexp" 1431
"../../../Engine/Plugins/Interchange/Assets/Content/gltf/Textures/T_White_srgb.uasset" 1432
"../../../Engine/Plugins/Interchange/Assets/Content/gltf/Textures/T_White_srgb.uexp" 1433
"../../../Engine/Plugins/Interchange/Assets/Content/gltf/MaterialFunctions/MF_BaseColor.uasset" 1434
"../../../Engine/Plugins/Interchange/Assets/Content/gltf/MaterialFunctions/MF_BaseColor.uexp" 1435
"../../../Engine/Plugins/Interchange/Assets/Content/gltf/MaterialFunctions/MF_Emissive.uasset" 1436
"../../../Engine/Plugins/Interchange/Assets/Content/gltf/MaterialFunctions/MF_Emissive.uexp" 1437
"../../../Engine/Plugins/Interchange/Assets/Content/gltf/MaterialFunctions/MF_IOR.uasset" 1438
"../../../Engine/Plugins/Interchange/Assets/Content/gltf/MaterialFunctions/MF_IOR.uexp" 1439
"../../../Engine/Plugins/Interchange/Assets/Content/gltf/MaterialFunctions/MF_Iridescence.uasset" 1440
"../../../Engine/Plugins/Interchange/Assets/Content/gltf/MaterialFunctions/MF_Iridescence.uexp" 1441
"../../../Engine/Plugins/Interchange/Assets/Content/gltf/Textures/T_White_Linear.uasset" 1442
"../../../Engine/Plugins/Interchange/Assets/Content/gltf/Textures/T_White_Linear.uexp" 1443
"../../../Engine/Plugins/Interchange/Assets/Content/gltf/MaterialFunctions/MF_MetallicRoughness.uasset" 1444
"../../../Engine/Plugins/Interchange/Assets/Content/gltf/MaterialFunctions/MF_MetallicRoughness.uexp" 1445
"../../../Engine/Plugins/Interchange/Assets/Content/gltf/MaterialFunctions/MF_RotateNormals_TS.uasset" 1446
"../../../Engine/Plugins/Interchange/Assets/Content/gltf/MaterialFunctions/MF_RotateNormals_TS.uexp" 1447
"../../../Engine/Plugins/Interchange/Assets/Content/gltf/MaterialFunctions/MF_ScaleNormal.uasset" 1448
"../../../Engine/Plugins/Interchange/Assets/Content/gltf/MaterialFunctions/MF_ScaleNormal.uexp" 1449
"../../../Engine/Plugins/Interchange/Assets/Content/gltf/Textures/T_Generic_N.uasset" 1450
"../../../Engine/Plugins/Interchange/Assets/Content/gltf/Textures/T_Generic_N.uexp" 1451
"../../../Engine/Plugins/Interchange/Assets/Content/gltf/MaterialFunctions/MF_Normals.uasset" 1452
"../../../Engine/Plugins/Interchange/Assets/Content/gltf/MaterialFunctions/MF_Normals.uexp" 1453
"../../../Engine/Plugins/Interchange/Assets/Content/gltf/MaterialFunctions/MF_Occlusion.uasset" 1454
"../../../Engine/Plugins/Interchange/Assets/Content/gltf/MaterialFunctions/MF_Occlusion.uexp" 1455
"../../../Engine/Plugins/Interchange/Assets/Content/gltf/MaterialFunctions/MF_RotateV2.uasset" 1456
"../../../Engine/Plugins/Interchange/Assets/Content/gltf/MaterialFunctions/MF_RotateV2.uexp" 1457
"../../../Engine/Plugins/Interchange/Assets/Content/gltf/MaterialFunctions/MF_Specular.uasset" 1458
"../../../Engine/Plugins/Interchange/Assets/Content/gltf/MaterialFunctions/MF_Specular.uexp" 1459
"../../../Engine/Plugins/Interchange/Assets/Content/gltf/Textures/T_Anisotropy_Direction_Linear.uasset" 1460
"../../../Engine/Plugins/Interchange/Assets/Content/gltf/Textures/T_Anisotropy_Direction_Linear.uexp" 1461
"../../../Engine/Plugins/Interchange/Assets/Content/gltf/MaterialFunctions/MF_SpecularAnisotropy.uasset" 1462
"../../../Engine/Plugins/Interchange/Assets/Content/gltf/MaterialFunctions/MF_SpecularAnisotropy.uexp" 1463
"../../../Engine/Plugins/Interchange/Assets/Content/gltf/MaterialFunctions/MF_TransformUVs.uasset" 1464
"../../../Engine/Plugins/Interchange/Assets/Content/gltf/MaterialFunctions/MF_TransformUVs.uexp" 1465
"../../../Engine/Plugins/Interchange/Assets/Content/gltf/MaterialBodies/MF_Default_Body.uasset" 1466
"../../../Engine/Plugins/Interchange/Assets/Content/gltf/MaterialBodies/MF_Default_Body.uexp" 1467
"../../../Engine/Plugins/Interchange/Assets/Content/gltf/M_Default.uasset" 1468
"../../../Engine/Plugins/Interchange/Assets/Content/gltf/M_Default.uexp" 1469
"../../../Engine/Plugins/Interchange/Assets/Content/gltf/MaterialInstances/MI_Default_Opaque_DS.uasset" 1470
"../../../Engine/Plugins/Interchange/Assets/Content/gltf/MaterialInstances/MI_Default_Opaque_DS.uexp" 1471
"E:/unreal engine/TheErasTourRelive/Content/Fab/Ground/ground_house_in_the_woods_project/Textures/ground_house_in_the_woods_project_texture_0.uasset" 1472
"E:/unreal engine/TheErasTourRelive/Content/Fab/Ground/ground_house_in_the_woods_project/Textures/ground_house_in_the_woods_project_texture_0.ubulk" 1473
"E:/unreal engine/TheErasTourRelive/Content/Fab/Ground/ground_house_in_the_woods_project/Textures/ground_house_in_the_woods_project_texture_0.uexp" 1474
"E:/unreal engine/TheErasTourRelive/Content/Fab/Ground/ground_house_in_the_woods_project/Textures/ground_house_in_the_woods_project_texture_1.uasset" 1475
"E:/unreal engine/TheErasTourRelive/Content/Fab/Ground/ground_house_in_the_woods_project/Textures/ground_house_in_the_woods_project_texture_1.ubulk" 1476
"E:/unreal engine/TheErasTourRelive/Content/Fab/Ground/ground_house_in_the_woods_project/Textures/ground_house_in_the_woods_project_texture_1.uexp" 1477
"E:/unreal engine/TheErasTourRelive/Content/Fab/Ground/ground_house_in_the_woods_project/Textures/ground_house_in_the_woods_project_texture_2.uasset" 1478
"E:/unreal engine/TheErasTourRelive/Content/Fab/Ground/ground_house_in_the_woods_project/Textures/ground_house_in_the_woods_project_texture_2.ubulk" 1479
"E:/unreal engine/TheErasTourRelive/Content/Fab/Ground/ground_house_in_the_woods_project/Textures/ground_house_in_the_woods_project_texture_2.uexp" 1480
"E:/unreal engine/TheErasTourRelive/Content/Fab/Ground/ground_house_in_the_woods_project/Materials/Material_017.uasset" 1481
"E:/unreal engine/TheErasTourRelive/Content/Fab/Ground/ground_house_in_the_woods_project/Materials/Material_017.uexp" 1482
"../../../Engine/Content/EngineMaterials/Substrate/GLints/AGlintTex2dArray.uasset" 1483
"../../../Engine/Content/EngineMaterials/Substrate/GLints/AGlintTex2dArray.uexp" 1484
"../../../Engine/Content/EngineMaterials/WeightMapPlaceholderTexture.uasset" 1485
"../../../Engine/Content/EngineMaterials/WeightMapPlaceholderTexture.uexp" 1486
"../../../Engine/Content/EngineMaterials/WeightMapArrayPlaceholderTexture.uasset" 1487
"../../../Engine/Content/EngineMaterials/WeightMapArrayPlaceholderTexture.uexp" 1488
"../../../Engine/Content/EngineMaterials/Substrate/Volume/SubstrateSimpleVolumeLUT3D.uasset" 1489
"../../../Engine/Content/EngineMaterials/Substrate/Volume/SubstrateSimpleVolumeLUT3D.uexp" 1490
"../../../Engine/Content/EngineMaterials/Substrate/Volume/SubstrateSimpleVolumeEnvLUT3D.uasset" 1491
"../../../Engine/Content/EngineMaterials/Substrate/Volume/SubstrateSimpleVolumeEnvLUT3D.uexp" 1492
"../../../Engine/Plugins/Interchange/Assets/Content/gltf/MaterialBodies/MF_Unlit_Body.uasset" 1493
"../../../Engine/Plugins/Interchange/Assets/Content/gltf/MaterialBodies/MF_Unlit_Body.uexp" 1494
"../../../Engine/Plugins/Interchange/Assets/Content/gltf/M_Unlit.uasset" 1495
"../../../Engine/Plugins/Interchange/Assets/Content/gltf/M_Unlit.uexp" 1496
"../../../Engine/Plugins/Interchange/Assets/Content/gltf/MaterialInstances/MI_Unlit_Opaque_DS.uasset" 1497
"../../../Engine/Plugins/Interchange/Assets/Content/gltf/MaterialInstances/MI_Unlit_Opaque_DS.uexp" 1498
"../../../Engine/Plugins/Interchange/Assets/Content/gltf/MaterialInstances/MI_Unlit_Opaque.uasset" 1499
"../../../Engine/Plugins/Interchange/Assets/Content/gltf/MaterialInstances/MI_Unlit_Opaque.uexp" 1500
"../../../Engine/Plugins/Interchange/Assets/Content/gltf/MaterialInstances/MI_Unlit_Mask_DS.uasset" 1501
"../../../Engine/Plugins/Interchange/Assets/Content/gltf/MaterialInstances/MI_Unlit_Mask_DS.uexp" 1502
"../../../Engine/Plugins/Interchange/Assets/Content/gltf/MaterialInstances/MI_Unlit_Mask.uasset" 1503
"../../../Engine/Plugins/Interchange/Assets/Content/gltf/MaterialInstances/MI_Unlit_Mask.uexp" 1504
"../../../Engine/Plugins/Interchange/Assets/Content/gltf/MaterialInstances/MI_Unlit_Blend_DS.uasset" 1505
"../../../Engine/Plugins/Interchange/Assets/Content/gltf/MaterialInstances/MI_Unlit_Blend_DS.uexp" 1506
"../../../Engine/Plugins/Interchange/Assets/Content/gltf/MaterialInstances/MI_Unlit_Blend.uasset" 1507
"../../../Engine/Plugins/Interchange/Assets/Content/gltf/MaterialInstances/MI_Unlit_Blend.uexp" 1508
"../../../Engine/Plugins/Interchange/Assets/Content/gltf/MaterialFunctions/MF_Fresnel_DS.uasset" 1509
"../../../Engine/Plugins/Interchange/Assets/Content/gltf/MaterialFunctions/MF_Fresnel_DS.uexp" 1510
"../../../Engine/Plugins/Interchange/Assets/Content/gltf/MaterialFunctions/MF_Temporal_Blur.uasset" 1511
"../../../Engine/Plugins/Interchange/Assets/Content/gltf/MaterialFunctions/MF_Temporal_Blur.uexp" 1512
"../../../Engine/Plugins/Interchange/Assets/Content/gltf/MaterialFunctions/MF_Transmission.uasset" 1513
"../../../Engine/Plugins/Interchange/Assets/Content/gltf/MaterialFunctions/MF_Transmission.uexp" 1514
"../../../Engine/Plugins/Interchange/Assets/Content/gltf/MaterialBodies/MF_Transmission_Body.uasset" 1515
"../../../Engine/Plugins/Interchange/Assets/Content/gltf/MaterialBodies/MF_Transmission_Body.uexp" 1516
"../../../Engine/Plugins/Interchange/Assets/Content/gltf/M_Transmission.uasset" 1517
"../../../Engine/Plugins/Interchange/Assets/Content/gltf/M_Transmission.uexp" 1518
"../../../Engine/Plugins/Interchange/Assets/Content/gltf/MaterialInstances/MI_Transmission_DS.uasset" 1519
"../../../Engine/Plugins/Interchange/Assets/Content/gltf/MaterialInstances/MI_Transmission_DS.uexp" 1520
"../../../Engine/Plugins/Interchange/Assets/Content/gltf/MaterialInstances/MI_Transmission.uasset" 1521
"../../../Engine/Plugins/Interchange/Assets/Content/gltf/MaterialInstances/MI_Transmission.uexp" 1522
"../../../Engine/Plugins/Interchange/Assets/Content/gltf/MaterialFunctions/MF_DiffuseSpecGloss.uasset" 1523
"../../../Engine/Plugins/Interchange/Assets/Content/gltf/MaterialFunctions/MF_DiffuseSpecGloss.uexp" 1524
"../../../Engine/Plugins/Interchange/Assets/Content/gltf/MaterialFunctions/MF_MaxComponentValue.uasset" 1525
"../../../Engine/Plugins/Interchange/Assets/Content/gltf/MaterialFunctions/MF_MaxComponentValue.uexp" 1526
"../../../Engine/Content/Functions/Engine_MaterialFunctions02/Math/AddComponents.uasset" 1527
"../../../Engine/Content/Functions/Engine_MaterialFunctions02/Math/AddComponents.uexp" 1528
"../../../Engine/Plugins/Interchange/Assets/Content/gltf/MaterialFunctions/MF_PerceivedBrightness.uasset" 1529
"../../../Engine/Plugins/Interchange/Assets/Content/gltf/MaterialFunctions/MF_PerceivedBrightness.uexp" 1530
"../../../Engine/Plugins/Interchange/Assets/Content/gltf/MaterialFunctions/MF_SpecGlossToMetalRoughness.uasset" 1531
"../../../Engine/Plugins/Interchange/Assets/Content/gltf/MaterialFunctions/MF_SpecGlossToMetalRoughness.uexp" 1532
"../../../Engine/Plugins/Interchange/Assets/Content/gltf/MaterialBodies/MF_SpecularGlossiness_Body.uasset" 1533
"../../../Engine/Plugins/Interchange/Assets/Content/gltf/MaterialBodies/MF_SpecularGlossiness_Body.uexp" 1534
"../../../Engine/Plugins/Interchange/Assets/Content/gltf/M_SpecularGlossiness.uasset" 1535
"../../../Engine/Plugins/Interchange/Assets/Content/gltf/M_SpecularGlossiness.uexp" 1536
"../../../Engine/Plugins/Interchange/Assets/Content/gltf/MaterialInstances/MI_SpecularGlossiness_Opaque_DS.uasset" 1537
"../../../Engine/Plugins/Interchange/Assets/Content/gltf/MaterialInstances/MI_SpecularGlossiness_Opaque_DS.uexp" 1538
"../../../Engine/Plugins/Interchange/Assets/Content/gltf/MaterialInstances/MI_SpecularGlossiness_Opaque.uasset" 1539
"../../../Engine/Plugins/Interchange/Assets/Content/gltf/MaterialInstances/MI_SpecularGlossiness_Opaque.uexp" 1540
"../../../Engine/Plugins/Interchange/Assets/Content/gltf/MaterialInstances/MI_SpecularGlossiness_Mask_DS.uasset" 1541
"../../../Engine/Plugins/Interchange/Assets/Content/gltf/MaterialInstances/MI_SpecularGlossiness_Mask_DS.uexp" 1542
"../../../Engine/Plugins/Interchange/Assets/Content/gltf/MaterialInstances/MI_SpecularGlossiness_Mask.uasset" 1543
"../../../Engine/Plugins/Interchange/Assets/Content/gltf/MaterialInstances/MI_SpecularGlossiness_Mask.uexp" 1544
"../../../Engine/Plugins/Interchange/Assets/Content/gltf/MaterialInstances/MI_SpecularGlossiness_Blend_DS.uasset" 1545
"../../../Engine/Plugins/Interchange/Assets/Content/gltf/MaterialInstances/MI_SpecularGlossiness_Blend_DS.uexp" 1546
"../../../Engine/Plugins/Interchange/Assets/Content/gltf/MaterialInstances/MI_SpecularGlossiness_Blend.uasset" 1547
"../../../Engine/Plugins/Interchange/Assets/Content/gltf/MaterialInstances/MI_SpecularGlossiness_Blend.uexp" 1548
"../../../Engine/Plugins/Interchange/Assets/Content/gltf/MaterialFunctions/MF_Sheen.uasset" 1549
"../../../Engine/Plugins/Interchange/Assets/Content/gltf/MaterialFunctions/MF_Sheen.uexp" 1550
"../../../Engine/Plugins/Interchange/Assets/Content/gltf/MaterialBodies/MF_Sheen_Body.uasset" 1551
"../../../Engine/Plugins/Interchange/Assets/Content/gltf/MaterialBodies/MF_Sheen_Body.uexp" 1552
"../../../Engine/Plugins/Interchange/Assets/Content/gltf/M_Sheen.uasset" 1553
"../../../Engine/Plugins/Interchange/Assets/Content/gltf/M_Sheen.uexp" 1554
"../../../Engine/Plugins/Interchange/Assets/Content/gltf/MaterialInstances/MI_Sheen_Opaque_DS.uasset" 1555
"../../../Engine/Plugins/Interchange/Assets/Content/gltf/MaterialInstances/MI_Sheen_Opaque_DS.uexp" 1556
"../../../Engine/Plugins/Interchange/Assets/Content/gltf/MaterialInstances/MI_Sheen_Opaque.uasset" 1557
"../../../Engine/Plugins/Interchange/Assets/Content/gltf/MaterialInstances/MI_Sheen_Opaque.uexp" 1558
"../../../Engine/Plugins/Interchange/Assets/Content/gltf/MaterialInstances/MI_Sheen_Mask_DS.uasset" 1559
"../../../Engine/Plugins/Interchange/Assets/Content/gltf/MaterialInstances/MI_Sheen_Mask_DS.uexp" 1560
"../../../Engine/Plugins/Interchange/Assets/Content/gltf/MaterialInstances/MI_Sheen_Mask.uasset" 1561
"../../../Engine/Plugins/Interchange/Assets/Content/gltf/MaterialInstances/MI_Sheen_Mask.uexp" 1562
"../../../Engine/Plugins/Interchange/Assets/Content/gltf/MaterialInstances/MI_Sheen_Blend_DS.uasset" 1563
"../../../Engine/Plugins/Interchange/Assets/Content/gltf/MaterialInstances/MI_Sheen_Blend_DS.uexp" 1564
"../../../Engine/Plugins/Interchange/Assets/Content/gltf/MaterialInstances/MI_Sheen_Blend.uasset" 1565
"../../../Engine/Plugins/Interchange/Assets/Content/gltf/MaterialInstances/MI_Sheen_Blend.uexp" 1566
"../../../Engine/Plugins/Interchange/Assets/Content/gltf/MaterialInstances/MI_Default_Opaque.uasset" 1567
"../../../Engine/Plugins/Interchange/Assets/Content/gltf/MaterialInstances/MI_Default_Opaque.uexp" 1568
"../../../Engine/Plugins/Interchange/Assets/Content/gltf/MaterialInstances/MI_Default_Mask_DS.uasset" 1569
"../../../Engine/Plugins/Interchange/Assets/Content/gltf/MaterialInstances/MI_Default_Mask_DS.uexp" 1570
"../../../Engine/Plugins/Interchange/Assets/Content/gltf/MaterialInstances/MI_Default_Mask.uasset" 1571
"../../../Engine/Plugins/Interchange/Assets/Content/gltf/MaterialInstances/MI_Default_Mask.uexp" 1572
"../../../Engine/Plugins/Interchange/Assets/Content/gltf/MaterialInstances/MI_Default_Blend_DS.uasset" 1573
"../../../Engine/Plugins/Interchange/Assets/Content/gltf/MaterialInstances/MI_Default_Blend_DS.uexp" 1574
"../../../Engine/Plugins/Interchange/Assets/Content/gltf/MaterialInstances/MI_Default_Blend.uasset" 1575
"../../../Engine/Plugins/Interchange/Assets/Content/gltf/MaterialInstances/MI_Default_Blend.uexp" 1576
"../../../Engine/Plugins/Interchange/Assets/Content/gltf/MaterialFunctions/MF_Clearcoat.uasset" 1577
"../../../Engine/Plugins/Interchange/Assets/Content/gltf/MaterialFunctions/MF_Clearcoat.uexp" 1578
"../../../Engine/Plugins/Interchange/Assets/Content/gltf/MaterialBodies/MF_ClearCoat_Body.uasset" 1579
"../../../Engine/Plugins/Interchange/Assets/Content/gltf/MaterialBodies/MF_ClearCoat_Body.uexp" 1580
"../../../Engine/Plugins/Interchange/Assets/Content/gltf/M_ClearCoat.uasset" 1581
"../../../Engine/Plugins/Interchange/Assets/Content/gltf/M_ClearCoat.uexp" 1582
"../../../Engine/Plugins/Interchange/Assets/Content/gltf/MaterialInstances/MI_ClearCoat_Opaque_DS.uasset" 1583
"../../../Engine/Plugins/Interchange/Assets/Content/gltf/MaterialInstances/MI_ClearCoat_Opaque_DS.uexp" 1584
"../../../Engine/Plugins/Interchange/Assets/Content/gltf/MaterialInstances/MI_ClearCoat_Opaque.uasset" 1585
"../../../Engine/Plugins/Interchange/Assets/Content/gltf/MaterialInstances/MI_ClearCoat_Opaque.uexp" 1586
"../../../Engine/Plugins/Interchange/Assets/Content/gltf/MaterialInstances/MI_ClearCoat_Mask_DS.uasset" 1587
"../../../Engine/Plugins/Interchange/Assets/Content/gltf/MaterialInstances/MI_ClearCoat_Mask_DS.uexp" 1588
"../../../Engine/Plugins/Interchange/Assets/Content/gltf/MaterialInstances/MI_ClearCoat_Mask.uasset" 1589
"../../../Engine/Plugins/Interchange/Assets/Content/gltf/MaterialInstances/MI_ClearCoat_Mask.uexp" 1590
"../../../Engine/Plugins/Interchange/Assets/Content/gltf/MaterialInstances/MI_ClearCoat_Blend_DS.uasset" 1591
"../../../Engine/Plugins/Interchange/Assets/Content/gltf/MaterialInstances/MI_ClearCoat_Blend_DS.uexp" 1592
"../../../Engine/Plugins/Interchange/Assets/Content/gltf/MaterialInstances/MI_ClearCoat_Blend.uasset" 1593
"../../../Engine/Plugins/Interchange/Assets/Content/gltf/MaterialInstances/MI_ClearCoat_Blend.uexp" 1594
"../../../Engine/Plugins/Runtime/USDCore/Content/Textures/DefaultColorVT.uasset" 1595
"../../../Engine/Plugins/Runtime/USDCore/Content/Textures/DefaultColorVT.ubulk" 1596
"../../../Engine/Plugins/Runtime/USDCore/Content/Textures/DefaultColorVT.uexp" 1597
"../../../Engine/Plugins/Runtime/USDCore/Content/Textures/DefaultLinearColorVT.uasset" 1598
"../../../Engine/Plugins/Runtime/USDCore/Content/Textures/DefaultLinearColorVT.ubulk" 1599
"../../../Engine/Plugins/Runtime/USDCore/Content/Textures/DefaultLinearColorVT.uexp" 1600
"../../../Engine/Plugins/Runtime/USDCore/Content/Materials/UsdPreviewSurfaceVT.uasset" 1601
"../../../Engine/Plugins/Runtime/USDCore/Content/Materials/UsdPreviewSurfaceVT.uexp" 1602
"../../../Engine/Plugins/Runtime/USDCore/Content/Materials/UsdPreviewSurfaceTwoSidedVT.uasset" 1603
"../../../Engine/Plugins/Runtime/USDCore/Content/Materials/UsdPreviewSurfaceTwoSidedVT.uexp" 1604
"../../../Engine/Plugins/Runtime/USDCore/Content/Materials/UsdPreviewSurfaceTranslucentVT.uasset" 1605
"../../../Engine/Plugins/Runtime/USDCore/Content/Materials/UsdPreviewSurfaceTranslucentVT.uexp" 1606
"../../../Engine/Plugins/Runtime/USDCore/Content/Materials/UsdPreviewSurfaceTranslucentTwoSidedVT.uasset" 1607
"../../../Engine/Plugins/Runtime/USDCore/Content/Materials/UsdPreviewSurfaceTranslucentTwoSidedVT.uexp" 1608
"../../../Engine/Plugins/Runtime/USDCore/Content/Materials/UsdPreviewSurfaceTranslucent.uasset" 1609
"../../../Engine/Plugins/Runtime/USDCore/Content/Materials/UsdPreviewSurfaceTranslucent.uexp" 1610
"../../../Engine/Plugins/Runtime/USDCore/Content/Materials/UsdPreviewSurfaceTranslucentTwoSided.uasset" 1611
"../../../Engine/Plugins/Runtime/USDCore/Content/Materials/UsdPreviewSurfaceTranslucentTwoSided.uexp" 1612
"../../../Engine/Plugins/Runtime/USDCore/Content/Materials/DisplayColor.uasset" 1613
"../../../Engine/Plugins/Runtime/USDCore/Content/Materials/DisplayColor.uexp" 1614
"../../../Engine/Plugins/Runtime/USDCore/Content/Materials/DisplayColorTwoSided.uasset" 1615
"../../../Engine/Plugins/Runtime/USDCore/Content/Materials/DisplayColorTwoSided.uexp" 1616
"../../../Engine/Plugins/Runtime/USDCore/Content/Materials/DisplayColorAndOpacity.uasset" 1617
"../../../Engine/Plugins/Runtime/USDCore/Content/Materials/DisplayColorAndOpacity.uexp" 1618
"../../../Engine/Plugins/Runtime/USDCore/Content/Materials/DisplayColorAndOpacityTwoSided.uasset" 1619
"../../../Engine/Plugins/Runtime/USDCore/Content/Materials/DisplayColorAndOpacityTwoSided.uexp" 1620
"E:/unreal engine/TheErasTourRelive/Content/UsdAssets/T_ttpd_room.uasset" 1621
"E:/unreal engine/TheErasTourRelive/Content/UsdAssets/T_ttpd_room.uexp" 1622
"E:/unreal engine/TheErasTourRelive/Content/UsdAssets/MI_Material_017_TwoSided.uasset" 1623
"E:/unreal engine/TheErasTourRelive/Content/UsdAssets/MI_Material_017_TwoSided.uexp" 1624
"E:/unreal engine/TheErasTourRelive/Content/UsdAssets/T_debut_room.uasset" 1625
"E:/unreal engine/TheErasTourRelive/Content/UsdAssets/T_debut_room.uexp" 1626
"E:/unreal engine/TheErasTourRelive/Content/UsdAssets/MI_Material_002_TwoSided.uasset" 1627
"E:/unreal engine/TheErasTourRelive/Content/UsdAssets/MI_Material_002_TwoSided.uexp" 1628
"E:/unreal engine/TheErasTourRelive/Content/UsdAssets/T_reputation_room.uasset" 1629
"E:/unreal engine/TheErasTourRelive/Content/UsdAssets/T_reputation_room.uexp" 1630
"E:/unreal engine/TheErasTourRelive/Content/UsdAssets/MI_Material_023_TwoSided.uasset" 1631
"E:/unreal engine/TheErasTourRelive/Content/UsdAssets/MI_Material_023_TwoSided.uexp" 1632
"E:/unreal engine/TheErasTourRelive/Content/UsdAssets/T_fearless_room.uasset" 1633
"E:/unreal engine/TheErasTourRelive/Content/UsdAssets/T_fearless_room.uexp" 1634
"E:/unreal engine/TheErasTourRelive/Content/UsdAssets/MI_Material_020_TwoSided.uasset" 1635
"E:/unreal engine/TheErasTourRelive/Content/UsdAssets/MI_Material_020_TwoSided.uexp" 1636
"E:/unreal engine/TheErasTourRelive/Content/UsdAssets/T_evermore_room.uasset" 1637
"E:/unreal engine/TheErasTourRelive/Content/UsdAssets/T_evermore_room.uexp" 1638
"E:/unreal engine/TheErasTourRelive/Content/UsdAssets/MI_Material_022_TwoSided.uasset" 1639
"E:/unreal engine/TheErasTourRelive/Content/UsdAssets/MI_Material_022_TwoSided.uexp" 1640
"E:/unreal engine/TheErasTourRelive/Content/UsdAssets/T_midnights_room.uasset" 1641
"E:/unreal engine/TheErasTourRelive/Content/UsdAssets/T_midnights_room.uexp" 1642
"E:/unreal engine/TheErasTourRelive/Content/UsdAssets/MI_Material_018_TwoSided.uasset" 1643
"E:/unreal engine/TheErasTourRelive/Content/UsdAssets/MI_Material_018_TwoSided.uexp" 1644
"E:/unreal engine/TheErasTourRelive/Content/UsdAssets/MI_Material_006_TwoSided.uasset" 1645
"E:/unreal engine/TheErasTourRelive/Content/UsdAssets/MI_Material_006_TwoSided.uexp" 1646
"E:/unreal engine/TheErasTourRelive/Content/UsdAssets/T_speak_now_room.uasset" 1647
"E:/unreal engine/TheErasTourRelive/Content/UsdAssets/T_speak_now_room.uexp" 1648
"E:/unreal engine/TheErasTourRelive/Content/UsdAssets/MI_Material_014_TwoSided.uasset" 1649
"E:/unreal engine/TheErasTourRelive/Content/UsdAssets/MI_Material_014_TwoSided.uexp" 1650
"E:/unreal engine/TheErasTourRelive/Content/UsdAssets/MI_Material_007_TwoSided.uasset" 1651
"E:/unreal engine/TheErasTourRelive/Content/UsdAssets/MI_Material_007_TwoSided.uexp" 1652
"E:/unreal engine/TheErasTourRelive/Content/UsdAssets/MI_Material_010_TwoSided.uasset" 1653
"E:/unreal engine/TheErasTourRelive/Content/UsdAssets/MI_Material_010_TwoSided.uexp" 1654
"E:/unreal engine/TheErasTourRelive/Content/UsdAssets/MI_Material_011_TwoSided.uasset" 1655
"E:/unreal engine/TheErasTourRelive/Content/UsdAssets/MI_Material_011_TwoSided.uexp" 1656
"E:/unreal engine/TheErasTourRelive/Content/UsdAssets/MI_Material_009_TwoSided.uasset" 1657
"E:/unreal engine/TheErasTourRelive/Content/UsdAssets/MI_Material_009_TwoSided.uexp" 1658
"E:/unreal engine/TheErasTourRelive/Content/UsdAssets/MI_Material_016_TwoSided.uasset" 1659
"E:/unreal engine/TheErasTourRelive/Content/UsdAssets/MI_Material_016_TwoSided.uexp" 1660
"E:/unreal engine/TheErasTourRelive/Content/UsdAssets/MI_Material_005_TwoSided.uasset" 1661
"E:/unreal engine/TheErasTourRelive/Content/UsdAssets/MI_Material_005_TwoSided.uexp" 1662
"E:/unreal engine/TheErasTourRelive/Content/UsdAssets/MI_Material_015_TwoSided.uasset" 1663
"E:/unreal engine/TheErasTourRelive/Content/UsdAssets/MI_Material_015_TwoSided.uexp" 1664
"../../../Engine/Plugins/Animation/DeformerGraph/Content/DeformerFunctions/DG_Function_ComputeNormalsTangents.uasset" 1665
"../../../Engine/Plugins/Animation/DeformerGraph/Content/DeformerFunctions/DG_Function_ComputeNormalsTangents.uexp" 1666
"../../../Engine/Plugins/Animation/DeformerGraph/Content/DeformerFunctions/DG_Function_LinearBlendSkin_Morph_Cloth_PositionOnly.uasset" 1667
"../../../Engine/Plugins/Animation/DeformerGraph/Content/DeformerFunctions/DG_Function_LinearBlendSkin_Morph_Cloth_PositionOnly.uexp" 1668
"../../../Engine/Plugins/Animation/DeformerGraph/Content/Deformers/DG_LinearBlendSkin_Morph_Cloth_RecomputeNormals.uasset" 1669
"../../../Engine/Plugins/Animation/DeformerGraph/Content/Deformers/DG_LinearBlendSkin_Morph_Cloth_RecomputeNormals.uexp" 1670
"E:/unreal engine/TheErasTourRelive/Content/UsdAssets/T_red_room.uasset" 1671
"E:/unreal engine/TheErasTourRelive/Content/UsdAssets/T_red_room.uexp" 1672
"E:/unreal engine/TheErasTourRelive/Content/UsdAssets/MI_Material_019_TwoSided.uasset" 1673
"E:/unreal engine/TheErasTourRelive/Content/UsdAssets/MI_Material_019_TwoSided.uexp" 1674
"../../../Engine/Plugins/Animation/DeformerGraph/Content/DeformerFunctions/DG_Function_LinearBlendSkin_Morph_Cloth.uasset" 1675
"../../../Engine/Plugins/Animation/DeformerGraph/Content/DeformerFunctions/DG_Function_LinearBlendSkin_Morph_Cloth.uexp" 1676
"../../../Engine/Plugins/Animation/DeformerGraph/Content/Deformers/DG_LinearBlendSkin_Morph_Cloth.uasset" 1677
"../../../Engine/Plugins/Animation/DeformerGraph/Content/Deformers/DG_LinearBlendSkin_Morph_Cloth.uexp" 1678
"E:/unreal engine/TheErasTourRelive/Content/UsdAssets/T_color_121212.uasset" 1679
"E:/unreal engine/TheErasTourRelive/Content/UsdAssets/T_color_121212.uexp" 1680
"E:/unreal engine/TheErasTourRelive/Content/UsdAssets/MI_Material_012.uasset" 1681
"E:/unreal engine/TheErasTourRelive/Content/UsdAssets/MI_Material_012.uexp" 1682
"E:/unreal engine/TheErasTourRelive/Content/UsdAssets/MI_Material_017.uasset" 1683
"E:/unreal engine/TheErasTourRelive/Content/UsdAssets/MI_Material_017.uexp" 1684
"E:/unreal engine/TheErasTourRelive/Content/UsdAssets/MI_Material_002.uasset" 1685
"E:/unreal engine/TheErasTourRelive/Content/UsdAssets/MI_Material_002.uexp" 1686
"E:/unreal engine/TheErasTourRelive/Content/UsdAssets/MI_Material_001.uasset" 1687
"E:/unreal engine/TheErasTourRelive/Content/UsdAssets/MI_Material_001.uexp" 1688
"E:/unreal engine/TheErasTourRelive/Content/UsdAssets/MI_Material_026.uasset" 1689
"E:/unreal engine/TheErasTourRelive/Content/UsdAssets/MI_Material_026.uexp" 1690
"E:/unreal engine/TheErasTourRelive/Content/UsdAssets/MI_Material_023.uasset" 1691
"E:/unreal engine/TheErasTourRelive/Content/UsdAssets/MI_Material_023.uexp" 1692
"E:/unreal engine/TheErasTourRelive/Content/UsdAssets/MI_Material_020.uasset" 1693
"E:/unreal engine/TheErasTourRelive/Content/UsdAssets/MI_Material_020.uexp" 1694
"E:/unreal engine/TheErasTourRelive/Content/UsdAssets/MI_Material_022.uasset" 1695
"E:/unreal engine/TheErasTourRelive/Content/UsdAssets/MI_Material_022.uexp" 1696
"E:/unreal engine/TheErasTourRelive/Content/UsdAssets/MI_Material_018.uasset" 1697
"E:/unreal engine/TheErasTourRelive/Content/UsdAssets/MI_Material_018.uexp" 1698
"E:/unreal engine/TheErasTourRelive/Content/UsdAssets/MI_Material_006.uasset" 1699
"E:/unreal engine/TheErasTourRelive/Content/UsdAssets/MI_Material_006.uexp" 1700
"E:/unreal engine/TheErasTourRelive/Content/UsdAssets/MI_Material_014.uasset" 1701
"E:/unreal engine/TheErasTourRelive/Content/UsdAssets/MI_Material_014.uexp" 1702
"E:/unreal engine/TheErasTourRelive/Content/UsdAssets/MI_Material_007.uasset" 1703
"E:/unreal engine/TheErasTourRelive/Content/UsdAssets/MI_Material_007.uexp" 1704
"E:/unreal engine/TheErasTourRelive/Content/UsdAssets/MI_Material_010.uasset" 1705
"E:/unreal engine/TheErasTourRelive/Content/UsdAssets/MI_Material_010.uexp" 1706
"E:/unreal engine/TheErasTourRelive/Content/UsdAssets/MI_Material_011.uasset" 1707
"E:/unreal engine/TheErasTourRelive/Content/UsdAssets/MI_Material_011.uexp" 1708
"E:/unreal engine/TheErasTourRelive/Content/UsdAssets/MI_Material_003.uasset" 1709
"E:/unreal engine/TheErasTourRelive/Content/UsdAssets/MI_Material_003.uexp" 1710
"E:/unreal engine/TheErasTourRelive/Content/UsdAssets/MI_Material_009.uasset" 1711
"E:/unreal engine/TheErasTourRelive/Content/UsdAssets/MI_Material_009.uexp" 1712
"E:/unreal engine/TheErasTourRelive/Content/UsdAssets/MI_Material_016.uasset" 1713
"E:/unreal engine/TheErasTourRelive/Content/UsdAssets/MI_Material_016.uexp" 1714
"E:/unreal engine/TheErasTourRelive/Content/UsdAssets/MI_Material_005.uasset" 1715
"E:/unreal engine/TheErasTourRelive/Content/UsdAssets/MI_Material_005.uexp" 1716
"E:/unreal engine/TheErasTourRelive/Content/UsdAssets/MI_Material_015.uasset" 1717
"E:/unreal engine/TheErasTourRelive/Content/UsdAssets/MI_Material_015.uexp" 1718
"E:/unreal engine/TheErasTourRelive/Content/UsdAssets/MI_Material_008.uasset" 1719
"E:/unreal engine/TheErasTourRelive/Content/UsdAssets/MI_Material_008.uexp" 1720
"E:/unreal engine/TheErasTourRelive/Content/UsdAssets/MI_Material_019.uasset" 1721
"E:/unreal engine/TheErasTourRelive/Content/UsdAssets/MI_Material_019.uexp" 1722
"E:/unreal engine/TheErasTourRelive/Content/UsdAssets/MI_Material_004.uasset" 1723
"E:/unreal engine/TheErasTourRelive/Content/UsdAssets/MI_Material_004.uexp" 1724
"E:/unreal engine/TheErasTourRelive/Content/UsdAssets/MI_Material_025.uasset" 1725
"E:/unreal engine/TheErasTourRelive/Content/UsdAssets/MI_Material_025.uexp" 1726
"E:/unreal engine/TheErasTourRelive/Content/UsdAssets/MI_Material_021.uasset" 1727
"E:/unreal engine/TheErasTourRelive/Content/UsdAssets/MI_Material_021.uexp" 1728
"E:/unreal engine/TheErasTourRelive/Content/UsdAssets/MI_Material.uasset" 1729
"E:/unreal engine/TheErasTourRelive/Content/UsdAssets/MI_Material.uexp" 1730
"../../../Engine/Content/Functions/Engine_MaterialFunctions02/SplitComponents.uasset" 1731
"../../../Engine/Content/Functions/Engine_MaterialFunctions02/SplitComponents.uexp" 1732
"../../../Engine/Content/VREditor/SnapGrid/SnapGridMaterial.uasset" 1733
"../../../Engine/Content/VREditor/SnapGrid/SnapGridMaterial.uexp" 1734
"../../../Engine/Content/VREditor/SnapGrid/SnapGridPlaneMesh.uasset" 1735
"../../../Engine/Content/VREditor/SnapGrid/SnapGridPlaneMesh.ubulk" 1736
"../../../Engine/Content/VREditor/SnapGrid/SnapGridPlaneMesh.uexp" 1737
"../../../Engine/Content/VREditor/TransformGizmo/PlaneTranslationHandle.uasset" 1738
"../../../Engine/Content/VREditor/TransformGizmo/PlaneTranslationHandle.ubulk" 1739
"../../../Engine/Content/VREditor/TransformGizmo/PlaneTranslationHandle.uexp" 1740
"../../../Engine/Content/VREditor/TransformGizmo/RotationHandleFull.uasset" 1741
"../../../Engine/Content/VREditor/TransformGizmo/RotationHandleFull.ubulk" 1742
"../../../Engine/Content/VREditor/TransformGizmo/RotationHandleFull.uexp" 1743
"../../../Engine/Content/VREditor/TransformGizmo/RotationHandleIndicator.uasset" 1744
"../../../Engine/Content/VREditor/TransformGizmo/RotationHandleIndicator.ubulk" 1745
"../../../Engine/Content/VREditor/TransformGizmo/RotationHandleIndicator.uexp" 1746
"../../../Engine/Content/VREditor/TransformGizmo/RotationHandleQuarter.uasset" 1747
"../../../Engine/Content/VREditor/TransformGizmo/RotationHandleQuarter.ubulk" 1748
"../../../Engine/Content/VREditor/TransformGizmo/RotationHandleQuarter.uexp" 1749
"../../../Engine/Content/VREditor/TransformGizmo/StartRotationHandleIndicator.uasset" 1750
"../../../Engine/Content/VREditor/TransformGizmo/StartRotationHandleIndicator.ubulk" 1751
"../../../Engine/Content/VREditor/TransformGizmo/StartRotationHandleIndicator.uexp" 1752
"../../../Engine/Content/VREditor/TransformGizmo/TranslucentTransformGizmoMaterial_Inst.uasset" 1753
"../../../Engine/Content/VREditor/TransformGizmo/TranslucentTransformGizmoMaterial_Inst.uexp" 1754
"../../../Engine/Content/VREditor/TransformGizmo/TransformGizmoFreeRotation.uasset" 1755
"../../../Engine/Content/VREditor/TransformGizmo/TransformGizmoFreeRotation.ubulk" 1756
"../../../Engine/Content/VREditor/TransformGizmo/TransformGizmoFreeRotation.uexp" 1757
"../../../Engine/Content/VREditor/TransformGizmo/TransformGizmoMaterial_Inst.uasset" 1758
"../../../Engine/Content/VREditor/TransformGizmo/TransformGizmoMaterial_Inst.uexp" 1759
"../../../Engine/Content/VREditor/TransformGizmo/TranslateArrowHandle.uasset" 1760
"../../../Engine/Content/VREditor/TransformGizmo/TranslateArrowHandle.ubulk" 1761
"../../../Engine/Content/VREditor/TransformGizmo/TranslateArrowHandle.uexp" 1762
"../../../Engine/Content/VREditor/TransformGizmo/UniformScaleHandle.uasset" 1763
"../../../Engine/Content/VREditor/TransformGizmo/UniformScaleHandle.ubulk" 1764
"../../../Engine/Content/VREditor/TransformGizmo/UniformScaleHandle.uexp" 1765
"../../../Engine/Content/VREditor/Sounds/UI/Drop_Item_From_ContentBrowser.uasset" 1766
"../../../Engine/Content/VREditor/Sounds/UI/Drop_Item_From_ContentBrowser.ubulk" 1767
"../../../Engine/Content/VREditor/Sounds/UI/Drop_Item_From_ContentBrowser.uexp" 1768
"../../../Engine/Content/VREditor/Sounds/UI/Gizmo_Handle_Clicked.uasset" 1769
"../../../Engine/Content/VREditor/Sounds/UI/Gizmo_Handle_Clicked.ubulk" 1770
"../../../Engine/Content/VREditor/Sounds/UI/Gizmo_Handle_Clicked.uexp" 1771
"../../../Engine/Content/VREditor/Sounds/UI/Object_PickUp.uasset" 1772
"../../../Engine/Content/VREditor/Sounds/UI/Object_PickUp.ubulk" 1773
"../../../Engine/Content/VREditor/Sounds/UI/Object_PickUp.uexp" 1774
"../../../Engine/Content/VREditor/Sounds/UI/Object_Snaps_To_Another_Actor.uasset" 1775
"../../../Engine/Content/VREditor/Sounds/UI/Object_Snaps_To_Another_Actor.ubulk" 1776
"../../../Engine/Content/VREditor/Sounds/UI/Object_Snaps_To_Another_Actor.uexp" 1777
"../../../Engine/Content/VREditor/Sounds/UI/Object_Snaps_To_Grid.uasset" 1778
"../../../Engine/Content/VREditor/Sounds/UI/Object_Snaps_To_Grid.ubulk" 1779
"../../../Engine/Content/VREditor/Sounds/UI/Object_Snaps_To_Grid.uexp" 1780
"../../../Engine/Content/VREditor/Sounds/UI/Scaling_Down.uasset" 1781
"../../../Engine/Content/VREditor/Sounds/UI/Scaling_Down.ubulk" 1782
"../../../Engine/Content/VREditor/Sounds/UI/Scaling_Down.uexp" 1783
"../../../Engine/Content/VREditor/Sounds/UI/Scaling_Up.uasset" 1784
"../../../Engine/Content/VREditor/Sounds/UI/Scaling_Up.ubulk" 1785
"../../../Engine/Content/VREditor/Sounds/UI/Scaling_Up.uexp" 1786
"../../../Engine/Content/VREditor/Sounds/UI/Selection_Changes.uasset" 1787
"../../../Engine/Content/VREditor/Sounds/UI/Selection_Changes.ubulk" 1788
"../../../Engine/Content/VREditor/Sounds/UI/Selection_Changes.uexp" 1789
"../../../Engine/Content/EngineResources/LandscapeVisibilityLayerInfo.uasset" 1790
"../../../Engine/Content/EngineResources/LandscapeVisibilityLayerInfo.uexp" 1791
"../../../Engine/Content/EngineResources/DefaultTextureCube.uasset" 1792
"../../../Engine/Content/EngineResources/DefaultTextureCube.uexp" 1793
"../../../Engine/Content/EngineResources/WhiteSquareTexture.uasset" 1794
"../../../Engine/Content/EngineResources/WhiteSquareTexture.uexp" 1795
"../../../Engine/Content/EngineMaterials/Widget3DPassThrough.uasset" 1796
"../../../Engine/Content/EngineMaterials/Widget3DPassThrough.uexp" 1797
"../../../Engine/Content/EngineMaterials/Widget3DPassThrough_Translucent.uasset" 1798
"../../../Engine/Content/EngineMaterials/Widget3DPassThrough_Translucent.uexp" 1799
"../../../Engine/Content/EngineMaterials/Widget3DPassThrough_Translucent_OneSided.uasset" 1800
"../../../Engine/Content/EngineMaterials/Widget3DPassThrough_Translucent_OneSided.uexp" 1801
"../../../Engine/Content/EngineMaterials/Widget3DPassThrough_Opaque.uasset" 1802
"../../../Engine/Content/EngineMaterials/Widget3DPassThrough_Opaque.uexp" 1803
"../../../Engine/Content/EngineMaterials/Widget3DPassThrough_Opaque_OneSided.uasset" 1804
"../../../Engine/Content/EngineMaterials/Widget3DPassThrough_Opaque_OneSided.uexp" 1805
"../../../Engine/Content/EngineMaterials/Widget3DPassThrough_Masked_OneSided.uasset" 1806
"../../../Engine/Content/EngineMaterials/Widget3DPassThrough_Masked_OneSided.uexp" 1807
"../../../Engine/Content/EngineMaterials/Widget3DPassThrough_Masked.uasset" 1808
"../../../Engine/Content/EngineMaterials/Widget3DPassThrough_Masked.uexp" 1809
"../../../Engine/Content/Functions/Engine_MaterialFunctions03/Math/WithinRangeFloat2.uasset" 1810
"../../../Engine/Content/Functions/Engine_MaterialFunctions03/Math/WithinRangeFloat2.uexp" 1811
"../../../Engine/Content/EditorLandscapeResources/SelectBrushMaterial.uasset" 1812
"../../../Engine/Content/EditorLandscapeResources/SelectBrushMaterial.uexp" 1813
"../../../Engine/Content/EditorLandscapeResources/SelectBrushMaterial_SelectedRegion.uasset" 1814
"../../../Engine/Content/EditorLandscapeResources/SelectBrushMaterial_SelectedRegion.uexp" 1815
"../../../Engine/Content/EditorLandscapeResources/SelectBrushMaterial_Selected.uasset" 1816
"../../../Engine/Content/EditorLandscapeResources/SelectBrushMaterial_Selected.uexp" 1817
"../../../Engine/Content/EditorLandscapeResources/MaskBrushMaterial.uasset" 1818
"../../../Engine/Content/EditorLandscapeResources/MaskBrushMaterial.uexp" 1819
"../../../Engine/Content/EditorLandscapeResources/MaskBrushMaterial_MaskedRegion.uasset" 1820
"../../../Engine/Content/EditorLandscapeResources/MaskBrushMaterial_MaskedRegion.uexp" 1821
"../../../Engine/Content/EditorLandscapeResources/ColorMaskBrushMaterial.uasset" 1822
"../../../Engine/Content/EditorLandscapeResources/ColorMaskBrushMaterial.uexp" 1823
"../../../Engine/Content/EditorLandscapeResources/ColorMaskBrushMaterial_MaskedRegion.uasset" 1824
"../../../Engine/Content/EditorLandscapeResources/ColorMaskBrushMaterial_MaskedRegion.uexp" 1825
"../../../Engine/Plugins/NNE/NNEDenoiser/Content/NNE_oidn2-3-0_rt_hdr_calb_cnrm_large__dyn__fp16_opset11_ForwardAlpha.uasset" 1826
"../../../Engine/Plugins/NNE/NNEDenoiser/Content/NNE_oidn2-3-0_rt_hdr_calb_cnrm_large__dyn__fp16_opset11_ForwardAlpha.uexp" 1827
"../../../Engine/Plugins/NNE/NNEDenoiser/Content/NNE_oidn2-3-0_rt_hdr_calb_cnrm_large__dyn__fp16_opset11_DenoiseAlpha.uasset" 1828
"../../../Engine/Plugins/NNE/NNEDenoiser/Content/NNE_oidn2-3-0_rt_hdr_calb_cnrm_large__dyn__fp16_opset11_DenoiseAlpha.uexp" 1829
"../../../Engine/Plugins/NNE/NNEDenoiser/Content/NNE_oidn2-3-0_rt_hdr_alb_nrm__dyn__fp16_opset11_ForwardAlpha.uasset" 1830
"../../../Engine/Plugins/NNE/NNEDenoiser/Content/NNE_oidn2-3-0_rt_hdr_alb_nrm__dyn__fp16_opset11_ForwardAlpha.uexp" 1831
"../../../Engine/Plugins/NNE/NNEDenoiser/Content/NNE_oidn2-3-0_rt_hdr_alb_nrm__dyn__fp16_opset11_DenoiseAlpha.uasset" 1832
"../../../Engine/Plugins/NNE/NNEDenoiser/Content/NNE_oidn2-3-0_rt_hdr_alb_nrm__dyn__fp16_opset11_DenoiseAlpha.uexp" 1833
"../../../Engine/Plugins/NNE/NNEDenoiser/Content/NNE_oidn2-3-0_rt_hdr_alb_nrm_small__dyn__fp16_opset11_ForwardAlpha.uasset" 1834
"../../../Engine/Plugins/NNE/NNEDenoiser/Content/NNE_oidn2-3-0_rt_hdr_alb_nrm_small__dyn__fp16_opset11_ForwardAlpha.uexp" 1835
"../../../Engine/Plugins/NNE/NNEDenoiser/Content/NNE_oidn2-3-0_rt_hdr_alb_nrm_small__dyn__fp16_opset11_DenoiseAlpha.uasset" 1836
"../../../Engine/Plugins/NNE/NNEDenoiser/Content/NNE_oidn2-3-0_rt_hdr_alb_nrm_small__dyn__fp16_opset11_DenoiseAlpha.uexp" 1837
"../../../Engine/Plugins/NNE/NNEDenoiser/Content/NNED_Oidn2-3_HighQuality_Alpha.uasset" 1838
"../../../Engine/Plugins/NNE/NNEDenoiser/Content/NNED_Oidn2-3_HighQuality_Alpha.uexp" 1839
"../../../Engine/Plugins/NNE/NNEDenoiser/Content/NNED_Oidn2-3_HighQuality.uasset" 1840
"../../../Engine/Plugins/NNE/NNEDenoiser/Content/NNED_Oidn2-3_HighQuality.uexp" 1841
"../../../Engine/Plugins/NNE/NNEDenoiser/Content/NNED_Oidn2-3_Fast_Alpha.uasset" 1842
"../../../Engine/Plugins/NNE/NNEDenoiser/Content/NNED_Oidn2-3_Fast_Alpha.uexp" 1843
"../../../Engine/Plugins/NNE/NNEDenoiser/Content/NNED_Oidn2-3_Fast.uasset" 1844
"../../../Engine/Plugins/NNE/NNEDenoiser/Content/NNED_Oidn2-3_Fast.uexp" 1845
"../../../Engine/Plugins/NNE/NNEDenoiser/Content/NNED_Oidn2-3_Balanced_Alpha.uasset" 1846
"../../../Engine/Plugins/NNE/NNEDenoiser/Content/NNED_Oidn2-3_Balanced_Alpha.uexp" 1847
"../../../Engine/Plugins/NNE/NNEDenoiser/Content/NNED_Oidn2-3_Balanced.uasset" 1848
"../../../Engine/Plugins/NNE/NNEDenoiser/Content/NNED_Oidn2-3_Balanced.uexp" 1849
"../../../Engine/Plugins/NNE/NNEDenoiser/Content/NNEDT_Oidn2-3_Balanced_Alpha.uasset" 1850
"../../../Engine/Plugins/NNE/NNEDenoiser/Content/NNEDT_Oidn2-3_Balanced_Alpha.uexp" 1851
"../../../Engine/Plugins/NNE/NNEDenoiser/Content/NNEDT_Oidn2-3_Balanced.uasset" 1852
"../../../Engine/Plugins/NNE/NNEDenoiser/Content/NNEDT_Oidn2-3_Balanced.uexp" 1853
"../../../Engine/Plugins/2D/Paper2D/Content/DefaultSpriteMaterial.uasset" 1854
"../../../Engine/Plugins/2D/Paper2D/Content/DefaultSpriteMaterial.uexp" 1855
"../../../Engine/Plugins/2D/Paper2D/Content/OpaqueUnlitSpriteMaterial.uasset" 1856
"../../../Engine/Plugins/2D/Paper2D/Content/OpaqueUnlitSpriteMaterial.uexp" 1857
"../../../Engine/Plugins/2D/Paper2D/Content/MaskedUnlitSpriteMaterial.uasset" 1858
"../../../Engine/Plugins/2D/Paper2D/Content/MaskedUnlitSpriteMaterial.uexp" 1859
"../../../Engine/Content/Maps/Entry_BuiltData.uasset" 1860
"../../../Engine/Content/Maps/Entry_BuiltData.uexp" 1861
"../../../Engine/Content/Maps/Entry.umap" 1862
"../../../Engine/Content/Maps/Entry.uexp" 1863
"E:/unreal engine/TheErasTourRelive/Content/BP_PlayerController.uasset" 1864
"E:/unreal engine/TheErasTourRelive/Content/BP_PlayerController.uexp" 1865
"E:/unreal engine/TheErasTourRelive/Content/BP_StadiumPlayer.uasset" 1866
"E:/unreal engine/TheErasTourRelive/Content/BP_StadiumPlayer.uexp" 1867
"E:/unreal engine/TheErasTourRelive/Content/BP_StadiumGameMode.uasset" 1868
"E:/unreal engine/TheErasTourRelive/Content/BP_StadiumGameMode.uexp" 1869
"E:/unreal engine/TheErasTourRelive/Content/BP_MovingSpotlights.uasset" 1870
"E:/unreal engine/TheErasTourRelive/Content/BP_MovingSpotlights.uexp" 1871
"../../../Engine/Content/EngineSky/T_Sky_Blue.uasset" 1872
"../../../Engine/Content/EngineSky/T_Sky_Blue.ubulk" 1873
"../../../Engine/Content/EngineSky/T_Sky_Blue.uexp" 1874
"../../../Engine/Content/EngineSky/T_Sky_Clouds_M.uasset" 1875
"../../../Engine/Content/EngineSky/T_Sky_Clouds_M.ubulk" 1876
"../../../Engine/Content/EngineSky/T_Sky_Clouds_M.uexp" 1877
"../../../Engine/Content/EngineSky/T_Sky_Stars.uasset" 1878
"../../../Engine/Content/EngineSky/T_Sky_Stars.ubulk" 1879
"../../../Engine/Content/EngineSky/T_Sky_Stars.uexp" 1880
"../../../Engine/Content/EngineSky/M_Sky_Panning_Clouds2.uasset" 1881
"../../../Engine/Content/EngineSky/M_Sky_Panning_Clouds2.uexp" 1882
"../../../Engine/Content/EngineSky/SM_SkySphere.uasset" 1883
"../../../Engine/Content/EngineSky/SM_SkySphere.ubulk" 1884
"../../../Engine/Content/EngineSky/SM_SkySphere.uexp" 1885
"../../../Engine/Content/EngineSky/M_SimpleSkyDome.uasset" 1886
"../../../Engine/Content/EngineSky/M_SimpleSkyDome.uexp" 1887
"E:/unreal engine/TheErasTourRelive/Content/ErasTourStage/Plane.uasset" 1888
"E:/unreal engine/TheErasTourRelive/Content/ErasTourStage/Plane.ubulk" 1889
"E:/unreal engine/TheErasTourRelive/Content/ErasTourStage/Plane.uexp" 1890
"E:/unreal engine/TheErasTourRelive/Content/ErasTourStage/Plane_001.uasset" 1891
"E:/unreal engine/TheErasTourRelive/Content/ErasTourStage/Plane_001.ubulk" 1892
"E:/unreal engine/TheErasTourRelive/Content/ErasTourStage/Plane_001.uexp" 1893
"E:/unreal engine/TheErasTourRelive/Content/ErasTourStage/Plane_002.uasset" 1894
"E:/unreal engine/TheErasTourRelive/Content/ErasTourStage/Plane_002.ubulk" 1895
"E:/unreal engine/TheErasTourRelive/Content/ErasTourStage/Plane_002.uexp" 1896
"E:/unreal engine/TheErasTourRelive/Content/ErasTourStage/Plane_003.uasset" 1897
"E:/unreal engine/TheErasTourRelive/Content/ErasTourStage/Plane_003.ubulk" 1898
"E:/unreal engine/TheErasTourRelive/Content/ErasTourStage/Plane_003.uexp" 1899
"E:/unreal engine/TheErasTourRelive/Content/ErasTourStage/Plane_004.uasset" 1900
"E:/unreal engine/TheErasTourRelive/Content/ErasTourStage/Plane_004.ubulk" 1901
"E:/unreal engine/TheErasTourRelive/Content/ErasTourStage/Plane_004.uexp" 1902
"E:/unreal engine/TheErasTourRelive/Content/ErasTourStage/Plane_005.uasset" 1903
"E:/unreal engine/TheErasTourRelive/Content/ErasTourStage/Plane_005.ubulk" 1904
"E:/unreal engine/TheErasTourRelive/Content/ErasTourStage/Plane_005.uexp" 1905
"E:/unreal engine/TheErasTourRelive/Content/ErasTourStage/Plane_006.uasset" 1906
"E:/unreal engine/TheErasTourRelive/Content/ErasTourStage/Plane_006.ubulk" 1907
"E:/unreal engine/TheErasTourRelive/Content/ErasTourStage/Plane_006.uexp" 1908
"E:/unreal engine/TheErasTourRelive/Content/ErasTourStage/Plane_007.uasset" 1909
"E:/unreal engine/TheErasTourRelive/Content/ErasTourStage/Plane_007.ubulk" 1910
"E:/unreal engine/TheErasTourRelive/Content/ErasTourStage/Plane_007.uexp" 1911
"E:/unreal engine/TheErasTourRelive/Content/ErasTourStage/Plane_008.uasset" 1912
"E:/unreal engine/TheErasTourRelive/Content/ErasTourStage/Plane_008.ubulk" 1913
"E:/unreal engine/TheErasTourRelive/Content/ErasTourStage/Plane_008.uexp" 1914
"E:/unreal engine/TheErasTourRelive/Content/ErasTourStage/Plane_009.uasset" 1915
"E:/unreal engine/TheErasTourRelive/Content/ErasTourStage/Plane_009.ubulk" 1916
"E:/unreal engine/TheErasTourRelive/Content/ErasTourStage/Plane_009.uexp" 1917
"E:/unreal engine/TheErasTourRelive/Content/ErasTourStage/Plane_010.uasset" 1918
"E:/unreal engine/TheErasTourRelive/Content/ErasTourStage/Plane_010.ubulk" 1919
"E:/unreal engine/TheErasTourRelive/Content/ErasTourStage/Plane_010.uexp" 1920
"E:/unreal engine/TheErasTourRelive/Content/ErasTourStage/Plane_011.uasset" 1921
"E:/unreal engine/TheErasTourRelive/Content/ErasTourStage/Plane_011.ubulk" 1922
"E:/unreal engine/TheErasTourRelive/Content/ErasTourStage/Plane_011.uexp" 1923
"E:/unreal engine/TheErasTourRelive/Content/ErasTourStage/Plane_012.uasset" 1924
"E:/unreal engine/TheErasTourRelive/Content/ErasTourStage/Plane_012.ubulk" 1925
"E:/unreal engine/TheErasTourRelive/Content/ErasTourStage/Plane_012.uexp" 1926
"E:/unreal engine/TheErasTourRelive/Content/ErasTourStage/Plane_013.uasset" 1927
"E:/unreal engine/TheErasTourRelive/Content/ErasTourStage/Plane_013.ubulk" 1928
"E:/unreal engine/TheErasTourRelive/Content/ErasTourStage/Plane_013.uexp" 1929
"E:/unreal engine/TheErasTourRelive/Content/ErasTourStage/Plane_014.uasset" 1930
"E:/unreal engine/TheErasTourRelive/Content/ErasTourStage/Plane_014.ubulk" 1931
"E:/unreal engine/TheErasTourRelive/Content/ErasTourStage/Plane_014.uexp" 1932
"E:/unreal engine/TheErasTourRelive/Content/ErasTourStage/Plane_015.uasset" 1933
"E:/unreal engine/TheErasTourRelive/Content/ErasTourStage/Plane_015.ubulk" 1934
"E:/unreal engine/TheErasTourRelive/Content/ErasTourStage/Plane_015.uexp" 1935
"E:/unreal engine/TheErasTourRelive/Content/ErasTourStage/Plane_016.uasset" 1936
"E:/unreal engine/TheErasTourRelive/Content/ErasTourStage/Plane_016.ubulk" 1937
"E:/unreal engine/TheErasTourRelive/Content/ErasTourStage/Plane_016.uexp" 1938
"E:/unreal engine/TheErasTourRelive/Content/ErasTourStage/Plane_017.uasset" 1939
"E:/unreal engine/TheErasTourRelive/Content/ErasTourStage/Plane_017.ubulk" 1940
"E:/unreal engine/TheErasTourRelive/Content/ErasTourStage/Plane_017.uexp" 1941
"E:/unreal engine/TheErasTourRelive/Content/ErasTourStage/Plane_018.uasset" 1942
"E:/unreal engine/TheErasTourRelive/Content/ErasTourStage/Plane_018.ubulk" 1943
"E:/unreal engine/TheErasTourRelive/Content/ErasTourStage/Plane_018.uexp" 1944
"E:/unreal engine/TheErasTourRelive/Content/ErasTourStage/Plane_019.uasset" 1945
"E:/unreal engine/TheErasTourRelive/Content/ErasTourStage/Plane_019.ubulk" 1946
"E:/unreal engine/TheErasTourRelive/Content/ErasTourStage/Plane_019.uexp" 1947
"E:/unreal engine/TheErasTourRelive/Content/ErasTourStage/Plane_020.uasset" 1948
"E:/unreal engine/TheErasTourRelive/Content/ErasTourStage/Plane_020.ubulk" 1949
"E:/unreal engine/TheErasTourRelive/Content/ErasTourStage/Plane_020.uexp" 1950
"E:/unreal engine/TheErasTourRelive/Content/ErasTourStage/Plane_021.uasset" 1951
"E:/unreal engine/TheErasTourRelive/Content/ErasTourStage/Plane_021.ubulk" 1952
"E:/unreal engine/TheErasTourRelive/Content/ErasTourStage/Plane_021.uexp" 1953
"E:/unreal engine/TheErasTourRelive/Content/ErasTourStage/Plane_022.uasset" 1954
"E:/unreal engine/TheErasTourRelive/Content/ErasTourStage/Plane_022.ubulk" 1955
"E:/unreal engine/TheErasTourRelive/Content/ErasTourStage/Plane_022.uexp" 1956
"E:/unreal engine/TheErasTourRelive/Content/ErasTourStage/Plane_023.uasset" 1957
"E:/unreal engine/TheErasTourRelive/Content/ErasTourStage/Plane_023.ubulk" 1958
"E:/unreal engine/TheErasTourRelive/Content/ErasTourStage/Plane_023.uexp" 1959
"E:/unreal engine/TheErasTourRelive/Content/ErasTourStage/noir_001.uasset" 1960
"E:/unreal engine/TheErasTourRelive/Content/ErasTourStage/noir_001.uexp" 1961
"E:/unreal engine/TheErasTourRelive/Content/ErasTourStage/export_349.uasset" 1962
"E:/unreal engine/TheErasTourRelive/Content/ErasTourStage/export_349.ubulk" 1963
"E:/unreal engine/TheErasTourRelive/Content/ErasTourStage/export_349.uexp" 1964
"E:/unreal engine/TheErasTourRelive/Content/ErasTourStage/gris_004.uasset" 1965
"E:/unreal engine/TheErasTourRelive/Content/ErasTourStage/gris_004.uexp" 1966
"E:/unreal engine/TheErasTourRelive/Content/ErasTourStage/export_350.uasset" 1967
"E:/unreal engine/TheErasTourRelive/Content/ErasTourStage/export_350.ubulk" 1968
"E:/unreal engine/TheErasTourRelive/Content/ErasTourStage/export_350.uexp" 1969
"E:/unreal engine/TheErasTourRelive/Content/ErasTourStage/export_351.uasset" 1970
"E:/unreal engine/TheErasTourRelive/Content/ErasTourStage/export_351.ubulk" 1971
"E:/unreal engine/TheErasTourRelive/Content/ErasTourStage/export_351.uexp" 1972
"E:/unreal engine/TheErasTourRelive/Content/ErasTourStage/export_352.uasset" 1973
"E:/unreal engine/TheErasTourRelive/Content/ErasTourStage/export_352.ubulk" 1974
"E:/unreal engine/TheErasTourRelive/Content/ErasTourStage/export_352.uexp" 1975
"E:/unreal engine/TheErasTourRelive/Content/ErasTourStage/export_353.uasset" 1976
"E:/unreal engine/TheErasTourRelive/Content/ErasTourStage/export_353.ubulk" 1977
"E:/unreal engine/TheErasTourRelive/Content/ErasTourStage/export_353.uexp" 1978
"E:/unreal engine/TheErasTourRelive/Content/ErasTourStage/export_354.uasset" 1979
"E:/unreal engine/TheErasTourRelive/Content/ErasTourStage/export_354.ubulk" 1980
"E:/unreal engine/TheErasTourRelive/Content/ErasTourStage/export_354.uexp" 1981
"E:/unreal engine/TheErasTourRelive/Content/ErasTourStage/export_355.uasset" 1982
"E:/unreal engine/TheErasTourRelive/Content/ErasTourStage/export_355.ubulk" 1983
"E:/unreal engine/TheErasTourRelive/Content/ErasTourStage/export_355.uexp" 1984
"E:/unreal engine/TheErasTourRelive/Content/ErasTourStage/export_356.uasset" 1985
"E:/unreal engine/TheErasTourRelive/Content/ErasTourStage/export_356.ubulk" 1986
"E:/unreal engine/TheErasTourRelive/Content/ErasTourStage/export_356.uexp" 1987
"E:/unreal engine/TheErasTourRelive/Content/ErasTourStage/export_357.uasset" 1988
"E:/unreal engine/TheErasTourRelive/Content/ErasTourStage/export_357.ubulk" 1989
"E:/unreal engine/TheErasTourRelive/Content/ErasTourStage/export_357.uexp" 1990
"E:/unreal engine/TheErasTourRelive/Content/ErasTourStage/Material_001.uasset" 1991
"E:/unreal engine/TheErasTourRelive/Content/ErasTourStage/Material_001.uexp" 1992
"E:/unreal engine/TheErasTourRelive/Content/ErasTourStage/Cube_068.uasset" 1993
"E:/unreal engine/TheErasTourRelive/Content/ErasTourStage/Cube_068.ubulk" 1994
"E:/unreal engine/TheErasTourRelive/Content/ErasTourStage/Cube_068.uexp" 1995
"E:/unreal engine/TheErasTourRelive/Content/ErasTourStage/Cube_021.uasset" 1996
"E:/unreal engine/TheErasTourRelive/Content/ErasTourStage/Cube_021.ubulk" 1997
"E:/unreal engine/TheErasTourRelive/Content/ErasTourStage/Cube_021.uexp" 1998
"E:/unreal engine/TheErasTourRelive/Content/LoverHouse/StageColoredLights_BP.uasset" 1999
"E:/unreal engine/TheErasTourRelive/Content/LoverHouse/StageColoredLights_BP.uexp" 2000
"E:/unreal engine/TheErasTourRelive/Content/Movies/crowd_lights.uasset" 2001
"E:/unreal engine/TheErasTourRelive/Content/Movies/crowd_lights.uexp" 2002
"E:/unreal engine/TheErasTourRelive/Content/Movies/NewMediaPlayer.uasset" 2003
"E:/unreal engine/TheErasTourRelive/Content/Movies/NewMediaPlayer.uexp" 2004
"E:/unreal engine/TheErasTourRelive/Content/Movies/NewMediaPlayer_Video.uasset" 2005
"E:/unreal engine/TheErasTourRelive/Content/Movies/NewMediaPlayer_Video.uexp" 2006
"E:/unreal engine/TheErasTourRelive/Content/Movies/lights.uasset" 2007
"E:/unreal engine/TheErasTourRelive/Content/Movies/lights.uexp" 2008
"E:/unreal engine/TheErasTourRelive/Content/Movies/lights_Inst.uasset" 2009
"E:/unreal engine/TheErasTourRelive/Content/Movies/lights_Inst.uexp" 2010
"E:/unreal engine/TheErasTourRelive/Content/Movies/eras_tour_visuals_lover_era.uasset" 2011
"E:/unreal engine/TheErasTourRelive/Content/Movies/eras_tour_visuals_lover_era.uexp" 2012
"E:/unreal engine/TheErasTourRelive/Content/Movies/lover_era_visuals.uasset" 2013
"E:/unreal engine/TheErasTourRelive/Content/Movies/lover_era_visuals.uexp" 2014
"E:/unreal engine/TheErasTourRelive/Content/Movies/lover_era_visuals_Video.uasset" 2015
"E:/unreal engine/TheErasTourRelive/Content/Movies/lover_era_visuals_Video.uexp" 2016
"E:/unreal engine/TheErasTourRelive/Content/Movies/lover_era_visuals_Video_Mat.uasset" 2017
"E:/unreal engine/TheErasTourRelive/Content/Movies/lover_era_visuals_Video_Mat.uexp" 2018
"E:/unreal engine/TheErasTourRelive/Content/Movies/CrowdCheering.uasset" 2019
"E:/unreal engine/TheErasTourRelive/Content/Movies/CrowdCheering.ubulk" 2020
"E:/unreal engine/TheErasTourRelive/Content/Movies/CrowdCheering.uexp" 2021
"E:/unreal engine/TheErasTourRelive/Content/textures/flickeringLight.uasset" 2022
"E:/unreal engine/TheErasTourRelive/Content/textures/flickeringLight.uexp" 2023
"../../../Engine/Content/Functions/Engine_MaterialFunctions02/Utility/BreakOutFloat4Components.uasset" 2024
"../../../Engine/Content/Functions/Engine_MaterialFunctions02/Utility/BreakOutFloat4Components.uexp" 2025
"../../../Engine/Content/EngineResources/DefaultVolumeTexture2D.uasset" 2026
"../../../Engine/Content/EngineResources/DefaultVolumeTexture2D.uexp" 2027
"../../../Engine/Content/EngineResources/DefaultVolumeTexture.uasset" 2028
"../../../Engine/Content/EngineResources/DefaultVolumeTexture.uexp" 2029
"../../../Engine/Content/EngineSky/VolumetricClouds/VT_Lightning.uasset" 2030
"../../../Engine/Content/EngineSky/VolumetricClouds/VT_Lightning.uexp" 2031
"../../../Engine/Content/Functions/Engine_MaterialFunctions01/Units/Km-to-Cm.uasset" 2032
"../../../Engine/Content/Functions/Engine_MaterialFunctions01/Units/Km-to-Cm.uexp" 2033
"../../../Engine/Content/EngineSky/VolumetricClouds/m_SimpleVolumetricCloud.uasset" 2034
"../../../Engine/Content/EngineSky/VolumetricClouds/m_SimpleVolumetricCloud.uexp" 2035
"../../../Engine/Content/EngineSky/VolumetricClouds/T_CloudMask.uasset" 2036
"../../../Engine/Content/EngineSky/VolumetricClouds/T_CloudMask.ubulk" 2037
"../../../Engine/Content/EngineSky/VolumetricClouds/T_CloudMask.uexp" 2038
"../../../Engine/Content/EngineSky/VolumetricClouds/T_CloudPattern.uasset" 2039
"../../../Engine/Content/EngineSky/VolumetricClouds/T_CloudPattern.ubulk" 2040
"../../../Engine/Content/EngineSky/VolumetricClouds/T_CloudPattern.uexp" 2041
"../../../Engine/Content/EngineSky/VolumetricClouds/T_Profile_08.uasset" 2042
"../../../Engine/Content/EngineSky/VolumetricClouds/T_Profile_08.ubulk" 2043
"../../../Engine/Content/EngineSky/VolumetricClouds/T_Profile_08.uexp" 2044
"../../../Engine/Content/EngineSky/VolumetricClouds/VT_PerlinWorley_Balanced.uasset" 2045
"../../../Engine/Content/EngineSky/VolumetricClouds/VT_PerlinWorley_Balanced.uexp" 2046
"../../../Engine/Content/EngineSky/VolumetricClouds/m_SimpleVolumetricCloud_Inst.uasset" 2047
"../../../Engine/Content/EngineSky/VolumetricClouds/m_SimpleVolumetricCloud_Inst.uexp" 2048
"E:/unreal engine/TheErasTourRelive/Content/Hollywood_Vol3/Textures/Utility/TX_Fill_01a_ALB.uasset" 2049
"E:/unreal engine/TheErasTourRelive/Content/Hollywood_Vol3/Textures/Utility/TX_Fill_01a_ALB.ubulk" 2050
"E:/unreal engine/TheErasTourRelive/Content/Hollywood_Vol3/Textures/Utility/TX_Fill_01a_ALB.uexp" 2051
"E:/unreal engine/TheErasTourRelive/Content/Hollywood_Vol3/Textures/Utility/TX_Fill_01a_NRM.uasset" 2052
"E:/unreal engine/TheErasTourRelive/Content/Hollywood_Vol3/Textures/Utility/TX_Fill_01a_NRM.ubulk" 2053
"E:/unreal engine/TheErasTourRelive/Content/Hollywood_Vol3/Textures/Utility/TX_Fill_01a_NRM.uexp" 2054
"E:/unreal engine/TheErasTourRelive/Content/Hollywood_Vol3/Textures/Utility/TX_Fill_01a_RMA.uasset" 2055
"E:/unreal engine/TheErasTourRelive/Content/Hollywood_Vol3/Textures/Utility/TX_Fill_01a_RMA.ubulk" 2056
"E:/unreal engine/TheErasTourRelive/Content/Hollywood_Vol3/Textures/Utility/TX_Fill_01a_RMA.uexp" 2057
"E:/unreal engine/TheErasTourRelive/Content/Hollywood_Vol3/Materials/Masters/MM_Master_Material_01a.uasset" 2058
"E:/unreal engine/TheErasTourRelive/Content/Hollywood_Vol3/Materials/Masters/MM_Master_Material_01a.uexp" 2059
"E:/unreal engine/TheErasTourRelive/Content/Hollywood_Vol3/Textures/Unique/TX_Stage_Lights_01a_ALB.uasset" 2060
"E:/unreal engine/TheErasTourRelive/Content/Hollywood_Vol3/Textures/Unique/TX_Stage_Lights_01a_ALB.ubulk" 2061
"E:/unreal engine/TheErasTourRelive/Content/Hollywood_Vol3/Textures/Unique/TX_Stage_Lights_01a_ALB.uexp" 2062
"E:/unreal engine/TheErasTourRelive/Content/Hollywood_Vol3/Textures/Unique/TX_Stage_Lights_01a_EMM.uasset" 2063
"E:/unreal engine/TheErasTourRelive/Content/Hollywood_Vol3/Textures/Unique/TX_Stage_Lights_01a_EMM.ubulk" 2064
"E:/unreal engine/TheErasTourRelive/Content/Hollywood_Vol3/Textures/Unique/TX_Stage_Lights_01a_EMM.uexp" 2065
"E:/unreal engine/TheErasTourRelive/Content/Hollywood_Vol3/Textures/Unique/TX_Stage_Lights_01a_NRM.uasset" 2066
"E:/unreal engine/TheErasTourRelive/Content/Hollywood_Vol3/Textures/Unique/TX_Stage_Lights_01a_NRM.ubulk" 2067
"E:/unreal engine/TheErasTourRelive/Content/Hollywood_Vol3/Textures/Unique/TX_Stage_Lights_01a_NRM.uexp" 2068
"E:/unreal engine/TheErasTourRelive/Content/Hollywood_Vol3/Textures/Unique/TX_Stage_Lights_01a_RMA.uasset" 2069
"E:/unreal engine/TheErasTourRelive/Content/Hollywood_Vol3/Textures/Unique/TX_Stage_Lights_01a_RMA.ubulk" 2070
"E:/unreal engine/TheErasTourRelive/Content/Hollywood_Vol3/Textures/Unique/TX_Stage_Lights_01a_RMA.uexp" 2071
"E:/unreal engine/TheErasTourRelive/Content/Hollywood_Vol3/Materials/Instances/MI_Stage_Lights_01a.uasset" 2072
"E:/unreal engine/TheErasTourRelive/Content/Hollywood_Vol3/Materials/Instances/MI_Stage_Lights_01a.uexp" 2073
"E:/unreal engine/TheErasTourRelive/Content/Hollywood_Vol3/Meshes/SM_Stage_Lights_01b.uasset" 2074
"E:/unreal engine/TheErasTourRelive/Content/Hollywood_Vol3/Meshes/SM_Stage_Lights_01b.ubulk" 2075
"E:/unreal engine/TheErasTourRelive/Content/Hollywood_Vol3/Meshes/SM_Stage_Lights_01b.uexp" 2076
"E:/unreal engine/TheErasTourRelive/Content/ErasTourStage.umap" 2077
"E:/unreal engine/TheErasTourRelive/Content/ErasTourStage.uexp" 2078
"E:/unreal engine/TheErasTourRelive/Content/BP_LverHouseGameMode.uasset" 2079
"E:/unreal engine/TheErasTourRelive/Content/BP_LverHouseGameMode.uexp" 2080
"E:/unreal engine/TheErasTourRelive/Content/LoverHouse.umap" 2081
"E:/unreal engine/TheErasTourRelive/Content/LoverHouse.uexp" 2082
"E:/unreal engine/TheErasTourRelive/Content/LoverHouse/_Generated_/8SCC16RVVP3GLVNQ4V56IO0XL.umap" 2083
"E:/unreal engine/TheErasTourRelive/Content/LoverHouse/_Generated_/8SCC16RVVP3GLVNQ4V56IO0XL.uexp" 2084
"E:/unreal engine/TheErasTourRelive/Content/LoverHouse/_Generated_/1VBO79QV6SY8EIZ6R4A4ZOYCU.umap" 2085
"E:/unreal engine/TheErasTourRelive/Content/LoverHouse/_Generated_/1VBO79QV6SY8EIZ6R4A4ZOYCU.uexp" 2086
"E:/unreal engine/TheErasTourRelive/Content/LoverHouse/_Generated_/76ZAC29NIA2B33S8LJJ2996B3.umap" 2087
"E:/unreal engine/TheErasTourRelive/Content/LoverHouse/_Generated_/76ZAC29NIA2B33S8LJJ2996B3.uexp" 2088
"E:/unreal engine/TheErasTourRelive/Content/LoverHouse/_Generated_/27RBQKV11QED8IXO577M0YWPI.umap" 2089
"E:/unreal engine/TheErasTourRelive/Content/LoverHouse/_Generated_/27RBQKV11QED8IXO577M0YWPI.uexp" 2090
"E:/unreal engine/TheErasTourRelive/Content/LoverHouse/_Generated_/DA5M8CV507UG6JCXRKHBFFM93.umap" 2091
"E:/unreal engine/TheErasTourRelive/Content/LoverHouse/_Generated_/DA5M8CV507UG6JCXRKHBFFM93.ubulk" 2092
"E:/unreal engine/TheErasTourRelive/Content/LoverHouse/_Generated_/DA5M8CV507UG6JCXRKHBFFM93.uexp" 2093
"E:/unreal engine/TheErasTourRelive/Content/LoverHouse/_Generated_/15WGKV1USXNT4OZ7RUZORU5NA.umap" 2094
"E:/unreal engine/TheErasTourRelive/Content/LoverHouse/_Generated_/15WGKV1USXNT4OZ7RUZORU5NA.ubulk" 2095
"E:/unreal engine/TheErasTourRelive/Content/LoverHouse/_Generated_/15WGKV1USXNT4OZ7RUZORU5NA.uexp" 2096
"E:/unreal engine/TheErasTourRelive/Content/LoverHouse/_Generated_/D0I8RMHDIZW7TBFYMAHFDC38M.umap" 2097
"E:/unreal engine/TheErasTourRelive/Content/LoverHouse/_Generated_/D0I8RMHDIZW7TBFYMAHFDC38M.ubulk" 2098
"E:/unreal engine/TheErasTourRelive/Content/LoverHouse/_Generated_/D0I8RMHDIZW7TBFYMAHFDC38M.uexp" 2099
"E:/unreal engine/TheErasTourRelive/Content/LoverHouse/_Generated_/0HYXO30YPLZDJWO3IFTOXKJ65.umap" 2100
"E:/unreal engine/TheErasTourRelive/Content/LoverHouse/_Generated_/0HYXO30YPLZDJWO3IFTOXKJ65.ubulk" 2101
"E:/unreal engine/TheErasTourRelive/Content/LoverHouse/_Generated_/0HYXO30YPLZDJWO3IFTOXKJ65.uexp" 2102
"E:/unreal engine/TheErasTourRelive/Content/LoverHouse/_Generated_/2PYATIL4QLPPKTKPZWK5QEFC6.umap" 2103
"E:/unreal engine/TheErasTourRelive/Content/LoverHouse/_Generated_/2PYATIL4QLPPKTKPZWK5QEFC6.ubulk" 2104
"E:/unreal engine/TheErasTourRelive/Content/LoverHouse/_Generated_/2PYATIL4QLPPKTKPZWK5QEFC6.uexp" 2105
"E:/unreal engine/TheErasTourRelive/Content/LoverHouse/_Generated_/7ENKHI9PIXNR7495R80DOWKTX.umap" 2106
"E:/unreal engine/TheErasTourRelive/Content/LoverHouse/_Generated_/7ENKHI9PIXNR7495R80DOWKTX.ubulk" 2107
"E:/unreal engine/TheErasTourRelive/Content/LoverHouse/_Generated_/7ENKHI9PIXNR7495R80DOWKTX.uexp" 2108
"E:/unreal engine/TheErasTourRelive/Content/LoverHouse/_Generated_/F45GV1OKR5HO0C2XO0IL55J73.umap" 2109
"E:/unreal engine/TheErasTourRelive/Content/LoverHouse/_Generated_/F45GV1OKR5HO0C2XO0IL55J73.ubulk" 2110
"E:/unreal engine/TheErasTourRelive/Content/LoverHouse/_Generated_/F45GV1OKR5HO0C2XO0IL55J73.uexp" 2111
"E:/unreal engine/TheErasTourRelive/Content/LoverHouse/_Generated_/5HTJ69U0SBYZGKOU6AOVK5ENB.umap" 2112
"E:/unreal engine/TheErasTourRelive/Content/LoverHouse/_Generated_/5HTJ69U0SBYZGKOU6AOVK5ENB.ubulk" 2113
"E:/unreal engine/TheErasTourRelive/Content/LoverHouse/_Generated_/5HTJ69U0SBYZGKOU6AOVK5ENB.uexp" 2114
"E:/unreal engine/TheErasTourRelive/Content/LoverHouse/_Generated_/4889YSKTQPB8K2RI29QYDCD6B.umap" 2115
"E:/unreal engine/TheErasTourRelive/Content/LoverHouse/_Generated_/4889YSKTQPB8K2RI29QYDCD6B.ubulk" 2116
"E:/unreal engine/TheErasTourRelive/Content/LoverHouse/_Generated_/4889YSKTQPB8K2RI29QYDCD6B.uexp" 2117
"E:/unreal engine/TheErasTourRelive/Content/LoverHouse/_Generated_/5409J2Q2BB25AJATRJNOPVIFW.umap" 2118
"E:/unreal engine/TheErasTourRelive/Content/LoverHouse/_Generated_/5409J2Q2BB25AJATRJNOPVIFW.ubulk" 2119
"E:/unreal engine/TheErasTourRelive/Content/LoverHouse/_Generated_/5409J2Q2BB25AJATRJNOPVIFW.uexp" 2120
"E:/unreal engine/TheErasTourRelive/Content/LoverHouse/_Generated_/EBKEHI9V2X6RNITZGB792QE8P.umap" 2121
"E:/unreal engine/TheErasTourRelive/Content/LoverHouse/_Generated_/EBKEHI9V2X6RNITZGB792QE8P.ubulk" 2122
"E:/unreal engine/TheErasTourRelive/Content/LoverHouse/_Generated_/EBKEHI9V2X6RNITZGB792QE8P.uexp" 2123
"E:/unreal engine/TheErasTourRelive/Content/LoverHouse/_Generated_/81J6DXB1M87IP2PA7ZX4QQYTZ.umap" 2124
"E:/unreal engine/TheErasTourRelive/Content/LoverHouse/_Generated_/81J6DXB1M87IP2PA7ZX4QQYTZ.ubulk" 2125
"E:/unreal engine/TheErasTourRelive/Content/LoverHouse/_Generated_/81J6DXB1M87IP2PA7ZX4QQYTZ.uexp" 2126
"E:/unreal engine/TheErasTourRelive/Content/LoverHouse/_Generated_/0L8ROAOF0VA0MNHUZA9ISNGVA.umap" 2127
"E:/unreal engine/TheErasTourRelive/Content/LoverHouse/_Generated_/0L8ROAOF0VA0MNHUZA9ISNGVA.ubulk" 2128
"E:/unreal engine/TheErasTourRelive/Content/LoverHouse/_Generated_/0L8ROAOF0VA0MNHUZA9ISNGVA.uexp" 2129
"E:/unreal engine/TheErasTourRelive/Content/LoverHouse/_Generated_/1CH7MR5KX6QXIZBFFDL2QL5X9.umap" 2130
"E:/unreal engine/TheErasTourRelive/Content/LoverHouse/_Generated_/1CH7MR5KX6QXIZBFFDL2QL5X9.ubulk" 2131
"E:/unreal engine/TheErasTourRelive/Content/LoverHouse/_Generated_/1CH7MR5KX6QXIZBFFDL2QL5X9.uexp" 2132
"E:/unreal engine/TheErasTourRelive/Content/LoverHouse/_Generated_/AP03TWJZJ2KD6CDMZIPWV7IIA.umap" 2133
"E:/unreal engine/TheErasTourRelive/Content/LoverHouse/_Generated_/AP03TWJZJ2KD6CDMZIPWV7IIA.ubulk" 2134
"E:/unreal engine/TheErasTourRelive/Content/LoverHouse/_Generated_/AP03TWJZJ2KD6CDMZIPWV7IIA.uexp" 2135
"E:/unreal engine/TheErasTourRelive/Content/LoverHouse/_Generated_/EJOSR1AQL57CU41W4SM1FADQX.umap" 2136
"E:/unreal engine/TheErasTourRelive/Content/LoverHouse/_Generated_/EJOSR1AQL57CU41W4SM1FADQX.ubulk" 2137
"E:/unreal engine/TheErasTourRelive/Content/LoverHouse/_Generated_/EJOSR1AQL57CU41W4SM1FADQX.uexp" 2138
"E:/unreal engine/TheErasTourRelive/Content/LoverHouse/_Generated_/ANWI7LHLL7NOD9FG1NTUYTUIR.umap" 2139
"E:/unreal engine/TheErasTourRelive/Content/LoverHouse/_Generated_/ANWI7LHLL7NOD9FG1NTUYTUIR.ubulk" 2140
"E:/unreal engine/TheErasTourRelive/Content/LoverHouse/_Generated_/ANWI7LHLL7NOD9FG1NTUYTUIR.uexp" 2141
"E:/unreal engine/TheErasTourRelive/Content/LoverHouse/_Generated_/B6HP5684CE6XY87IORIBL8GS6.umap" 2142
"E:/unreal engine/TheErasTourRelive/Content/LoverHouse/_Generated_/B6HP5684CE6XY87IORIBL8GS6.ubulk" 2143
"E:/unreal engine/TheErasTourRelive/Content/LoverHouse/_Generated_/B6HP5684CE6XY87IORIBL8GS6.uexp" 2144
"E:/unreal engine/TheErasTourRelive/Content/LoverHouse/_Generated_/30BWGXZDQ63LPUE475XOZU25R.umap" 2145
"E:/unreal engine/TheErasTourRelive/Content/LoverHouse/_Generated_/30BWGXZDQ63LPUE475XOZU25R.ubulk" 2146
"E:/unreal engine/TheErasTourRelive/Content/LoverHouse/_Generated_/30BWGXZDQ63LPUE475XOZU25R.uexp" 2147
"E:/unreal engine/TheErasTourRelive/Content/LoverHouse/_Generated_/EKO6J8EQ5UC2EEFX3YPL21NUF.umap" 2148
"E:/unreal engine/TheErasTourRelive/Content/LoverHouse/_Generated_/EKO6J8EQ5UC2EEFX3YPL21NUF.ubulk" 2149
"E:/unreal engine/TheErasTourRelive/Content/LoverHouse/_Generated_/EKO6J8EQ5UC2EEFX3YPL21NUF.uexp" 2150
"E:/unreal engine/TheErasTourRelive/Content/LoverHouse/_Generated_/7518ETQTKZJSAYY5DFEPHR0H3.umap" 2151
"E:/unreal engine/TheErasTourRelive/Content/LoverHouse/_Generated_/7518ETQTKZJSAYY5DFEPHR0H3.ubulk" 2152
"E:/unreal engine/TheErasTourRelive/Content/LoverHouse/_Generated_/7518ETQTKZJSAYY5DFEPHR0H3.uexp" 2153
"E:/unreal engine/TheErasTourRelive/Content/LoverHouse/_Generated_/2WJN6KSBE5OLFDYG892U891NG.umap" 2154
"E:/unreal engine/TheErasTourRelive/Content/LoverHouse/_Generated_/2WJN6KSBE5OLFDYG892U891NG.ubulk" 2155
"E:/unreal engine/TheErasTourRelive/Content/LoverHouse/_Generated_/2WJN6KSBE5OLFDYG892U891NG.uexp" 2156
"E:/unreal engine/TheErasTourRelive/Content/LoverHouse/_Generated_/AY97MQYB7OKZ8MGDF161HCWHW.umap" 2157
"E:/unreal engine/TheErasTourRelive/Content/LoverHouse/_Generated_/AY97MQYB7OKZ8MGDF161HCWHW.ubulk" 2158
"E:/unreal engine/TheErasTourRelive/Content/LoverHouse/_Generated_/AY97MQYB7OKZ8MGDF161HCWHW.uexp" 2159
"E:/unreal engine/TheErasTourRelive/Content/LoverHouse/_Generated_/7LEHV9H10C2P9LUZBJCIN2U1H.umap" 2160
"E:/unreal engine/TheErasTourRelive/Content/LoverHouse/_Generated_/7LEHV9H10C2P9LUZBJCIN2U1H.ubulk" 2161
"E:/unreal engine/TheErasTourRelive/Content/LoverHouse/_Generated_/7LEHV9H10C2P9LUZBJCIN2U1H.uexp" 2162
"E:/unreal engine/TheErasTourRelive/Content/LoverHouse/_Generated_/2VXWKGF8HZCVZURR68WEGQZ0Z.umap" 2163
"E:/unreal engine/TheErasTourRelive/Content/LoverHouse/_Generated_/2VXWKGF8HZCVZURR68WEGQZ0Z.ubulk" 2164
"E:/unreal engine/TheErasTourRelive/Content/LoverHouse/_Generated_/2VXWKGF8HZCVZURR68WEGQZ0Z.uexp" 2165
"E:/unreal engine/TheErasTourRelive/Content/LoverHouse/_Generated_/7SUZ7DHOIFH0R9CN1TJFMGJ1Y.umap" 2166
"E:/unreal engine/TheErasTourRelive/Content/LoverHouse/_Generated_/7SUZ7DHOIFH0R9CN1TJFMGJ1Y.ubulk" 2167
"E:/unreal engine/TheErasTourRelive/Content/LoverHouse/_Generated_/7SUZ7DHOIFH0R9CN1TJFMGJ1Y.uexp" 2168
"E:/unreal engine/TheErasTourRelive/Content/LoverHouse/_Generated_/3YL1IS61792QQ2R5RD90RLR8S.umap" 2169
"E:/unreal engine/TheErasTourRelive/Content/LoverHouse/_Generated_/3YL1IS61792QQ2R5RD90RLR8S.ubulk" 2170
"E:/unreal engine/TheErasTourRelive/Content/LoverHouse/_Generated_/3YL1IS61792QQ2R5RD90RLR8S.uexp" 2171
"E:/unreal engine/TheErasTourRelive/Content/LoverHouse/_Generated_/666P7CWH09XZ65J1D8B4P9OM8.umap" 2172
"E:/unreal engine/TheErasTourRelive/Content/LoverHouse/_Generated_/666P7CWH09XZ65J1D8B4P9OM8.ubulk" 2173
"E:/unreal engine/TheErasTourRelive/Content/LoverHouse/_Generated_/666P7CWH09XZ65J1D8B4P9OM8.uexp" 2174
"E:/unreal engine/TheErasTourRelive/Content/LoverHouse/_Generated_/CVXKI8VWHREAPTV5W7D27J7OY.umap" 2175
"E:/unreal engine/TheErasTourRelive/Content/LoverHouse/_Generated_/CVXKI8VWHREAPTV5W7D27J7OY.ubulk" 2176
"E:/unreal engine/TheErasTourRelive/Content/LoverHouse/_Generated_/CVXKI8VWHREAPTV5W7D27J7OY.uexp" 2177
"E:/unreal engine/TheErasTourRelive/Content/LoverHouse/_Generated_/AVND9IM3O5XCKY54671YMMJ1G.umap" 2178
"E:/unreal engine/TheErasTourRelive/Content/LoverHouse/_Generated_/AVND9IM3O5XCKY54671YMMJ1G.ubulk" 2179
"E:/unreal engine/TheErasTourRelive/Content/LoverHouse/_Generated_/AVND9IM3O5XCKY54671YMMJ1G.uexp" 2180
"E:/unreal engine/TheErasTourRelive/Content/LoverHouse/_Generated_/2Y1RX5V0X0LECNQNVWAGIIGJ6.umap" 2181
"E:/unreal engine/TheErasTourRelive/Content/LoverHouse/_Generated_/2Y1RX5V0X0LECNQNVWAGIIGJ6.ubulk" 2182
"E:/unreal engine/TheErasTourRelive/Content/LoverHouse/_Generated_/2Y1RX5V0X0LECNQNVWAGIIGJ6.uexp" 2183
"E:/unreal engine/TheErasTourRelive/Content/LoverHouse/_Generated_/048ZC17UKGBPHJGU1QB3ZL6P2.umap" 2184
"E:/unreal engine/TheErasTourRelive/Content/LoverHouse/_Generated_/048ZC17UKGBPHJGU1QB3ZL6P2.ubulk" 2185
"E:/unreal engine/TheErasTourRelive/Content/LoverHouse/_Generated_/048ZC17UKGBPHJGU1QB3ZL6P2.uexp" 2186
"E:/unreal engine/TheErasTourRelive/Content/LoverHouse/_Generated_/BV72KUTEOEY8YYNLBQG3OPMHD.umap" 2187
"E:/unreal engine/TheErasTourRelive/Content/LoverHouse/_Generated_/BV72KUTEOEY8YYNLBQG3OPMHD.ubulk" 2188
"E:/unreal engine/TheErasTourRelive/Content/LoverHouse/_Generated_/BV72KUTEOEY8YYNLBQG3OPMHD.uexp" 2189
"E:/unreal engine/TheErasTourRelive/Content/LoverHouse/_Generated_/A64YJLB009LOIL8C2DFCSUZO1.umap" 2190
"E:/unreal engine/TheErasTourRelive/Content/LoverHouse/_Generated_/A64YJLB009LOIL8C2DFCSUZO1.ubulk" 2191
"E:/unreal engine/TheErasTourRelive/Content/LoverHouse/_Generated_/A64YJLB009LOIL8C2DFCSUZO1.uexp" 2192
"E:/unreal engine/TheErasTourRelive/Content/LoverHouse/_Generated_/8DYMTABIZREREBMFVSIZ1ICKH.umap" 2193
"E:/unreal engine/TheErasTourRelive/Content/LoverHouse/_Generated_/8DYMTABIZREREBMFVSIZ1ICKH.ubulk" 2194
"E:/unreal engine/TheErasTourRelive/Content/LoverHouse/_Generated_/8DYMTABIZREREBMFVSIZ1ICKH.uexp" 2195
"E:/unreal engine/TheErasTourRelive/Content/LoverHouse/_Generated_/4KQ9XIX9BZCXN1R2NY19GXJRA.umap" 2196
"E:/unreal engine/TheErasTourRelive/Content/LoverHouse/_Generated_/4KQ9XIX9BZCXN1R2NY19GXJRA.ubulk" 2197
"E:/unreal engine/TheErasTourRelive/Content/LoverHouse/_Generated_/4KQ9XIX9BZCXN1R2NY19GXJRA.uexp" 2198
"E:/unreal engine/TheErasTourRelive/Content/LoverHouse/_Generated_/E2F1TK5GV4E7NPNSC9CJHO77O.umap" 2199
"E:/unreal engine/TheErasTourRelive/Content/LoverHouse/_Generated_/E2F1TK5GV4E7NPNSC9CJHO77O.ubulk" 2200
"E:/unreal engine/TheErasTourRelive/Content/LoverHouse/_Generated_/E2F1TK5GV4E7NPNSC9CJHO77O.uexp" 2201
"E:/unreal engine/TheErasTourRelive/Content/LoverHouse/_Generated_/9D3NKBE7PDN3ZLANKSCYGSSFC.umap" 2202
"E:/unreal engine/TheErasTourRelive/Content/LoverHouse/_Generated_/9D3NKBE7PDN3ZLANKSCYGSSFC.ubulk" 2203
"E:/unreal engine/TheErasTourRelive/Content/LoverHouse/_Generated_/9D3NKBE7PDN3ZLANKSCYGSSFC.uexp" 2204
"E:/unreal engine/TheErasTourRelive/Content/LoverHouse/_Generated_/5CEWG5U9Q90B8ZTRQ2FJEAAWS.umap" 2205
"E:/unreal engine/TheErasTourRelive/Content/LoverHouse/_Generated_/5CEWG5U9Q90B8ZTRQ2FJEAAWS.ubulk" 2206
"E:/unreal engine/TheErasTourRelive/Content/LoverHouse/_Generated_/5CEWG5U9Q90B8ZTRQ2FJEAAWS.uexp" 2207
